2026-03-21 04:21:22 - POST Route: app_product_delete
POST Data: Array
(
    [_token] => 5e6.QjTUwKfQ3ib8s1IbBLzmuIGZE79L-Qx28SdpQt4cyfg.GgXisdScsnO7gSAifNLR9s-pQMsRikFPvHhELq1G_JQJerjx5YnnV8_1ag
)

Route attributes: Array
(
    [id] => 45
)

----------------------------------------
Delete route detected: app_product_delete - Monitored: YES
Determining action for route: app_product_delete, isAdmin: YES
Determining target for route: app_product_delete, id: 45
Creating log - Action: ADMIN_DELETES_RECORD Target: Admin deleted product (ID: 45)
✅ Log saved successfully: ADMIN_DELETES_RECORD
2026-03-21 04:22:37 - POST Route: app_product_new
POST Data: Array
(
    [product] => Array
        (
            [name] => Glass
            [description] => A normal glass
            [price] => 200
            [category] => 6
            [image] => https://images.unsplash.com/photo-1514651029128-173d2e6ea851?w=600&auto=format&fit=crop&q=60&ixlib=rb-4.1.0&ixid=M3wxMjA3fDB8MHxzZWFyY2h8Mnx8Z2xhc3N8ZW58MHx8MHx8fDA%3D
            [createdAt] => 2026-03-21T04:21
            [_token] => VAOXEb28SWUP8O8W3bDJPd39
        )

)

Route attributes: Array
(
)

----------------------------------------
Determining action for route: app_product_new, isAdmin: YES
Determining target for route: app_product_new, id: null
Creating log - Action: ADMIN_CREATES_RECORD Target: Admin created product: Glass (Price: $200)
✅ Log saved successfully: ADMIN_CREATES_RECORD
2026-03-21 04:23:04 - POST Route: app_product_edit
POST Data: Array
(
    [product] => Array
        (
            [name] => Glass
            [description] => A normal glass
            [price] => 100.00
            [category] => 6
            [image] => https://images.unsplash.com/photo-1514651029128-173d2e6ea851?w=600&auto=format&fit=crop&q=60&ixlib=rb-4.1.0&ixid=M3wxMjA3fDB8MHxzZWFyY2h8Mnx8Z2xhc3N8ZW58MHx8MHx8fDA%3D
            [createdAt] => 2026-03-21T04:21
            [_token] => hIAdrrocklA9O+JILXDcZl0X
        )

)

Route attributes: Array
(
    [id] => 46
)

----------------------------------------
Determining action for route: app_product_edit, isAdmin: YES
Determining target for route: app_product_edit, id: 46
Creating log - Action: ADMIN_UPDATES_RECORD Target: Admin edited product: Glass (Price: $100.00)
✅ Log saved successfully: ADMIN_UPDATES_RECORD
2026-03-21 04:23:29 - POST Route: app_stock_new
POST Data: Array
(
    [stock] => Array
        (
            [stock] => 2
            [product] => 46
            [createdAt] => 2026-03-21T11:23
            [_token] => dq5iHzBVjxxMLLqTmXlFzY5B
        )

)

Route attributes: Array
(
)

----------------------------------------
Determining action for route: app_stock_new, isAdmin: YES
Determining target for route: app_stock_new, id: null
Creating log - Action: ADMIN_CREATES_RECORD Target: Admin created stock: Glass x 2 units
✅ Log saved successfully: ADMIN_CREATES_RECORD
2026-03-21 04:23:37 - POST Route: app_stock_delete
POST Data: Array
(
    [_token] => 73946e40b67f78305e2a45c2e0d60678._1mNRq8Gn_JE28QUVAzkD-2fMzpxUvtD3JO5Py3rEJY.zAvEB_xA76srv_EgPXWzSt_WeVVHC44tl93xZX2Rd_6FGsck6Xz5u3SPtw
)

Route attributes: Array
(
    [id] => 36
)

----------------------------------------
Delete route detected: app_stock_delete - Monitored: YES
Determining action for route: app_stock_delete, isAdmin: YES
Determining target for route: app_stock_delete, id: 36
Creating log - Action: ADMIN_DELETES_RECORD Target: Admin deleted stock (ID: 36)
✅ Log saved successfully: ADMIN_DELETES_RECORD
2026-03-21 04:23:47 - POST Route: app_stock_edit
POST Data: Array
(
    [stock] => Array
        (
            [stock] => 3
            [product] => 26
            [createdAt] => 2025-12-15T02:37
            [_token] => VhzoKR0bzDovpn6cN5Tt5xFr
        )

)

Route attributes: Array
(
    [id] => 26
)

----------------------------------------
Determining action for route: app_stock_edit, isAdmin: YES
Determining target for route: app_stock_edit, id: 26
Creating log - Action: ADMIN_UPDATES_RECORD Target: Admin edited stock: Headphone → 3 units
✅ Log saved successfully: ADMIN_UPDATES_RECORD
2026-03-21 04:24:14 - POST Route: app_product_delete
POST Data: Array
(
    [_token] => e92cbc51c8382ac51a0ecae2a8d90688.XzLiX62EpHwIK7EsBmY47x0iS27i212WuiJRbkK3kX0.BmHROpzM3k9OR4V7aUt2mE14Ei269ivi228cHR3R1wk9a4Ztyf77MX5sxg
)

Route attributes: Array
(
    [id] => 46
)

----------------------------------------
Delete route detected: app_product_delete - Monitored: YES
Determining action for route: app_product_delete, isAdmin: YES
Determining target for route: app_product_delete, id: 46
Creating log - Action: ADMIN_DELETES_RECORD Target: Admin deleted product (ID: 46)
✅ Log saved successfully: ADMIN_DELETES_RECORD
2026-03-21 04:25:03 - POST Route: app_stock_new
POST Data: Array
(
    [stock] => Array
        (
            [stock] => 3
            [product] => 5
            [createdAt] => 
            [_token] => /AtjiC4dEVsdzDZ3Ipaubjo4
        )

)

Route attributes: Array
(
)

----------------------------------------
Determining action for route: app_stock_new, isAdmin: YES
Determining target for route: app_stock_new, id: null
Creating log - Action: ADMIN_CREATES_RECORD Target: Admin created stock: Vacuum Cleaner x 3 units
✅ Log saved successfully: ADMIN_CREATES_RECORD
2026-03-21 04:25:11 - POST Route: app_stock_delete
POST Data: Array
(
    [_token] => 2dfe938503e2117036a7b36671ab9.PMzKQzoG329bAd0GEQ8l8TtL-M99XuTyeLx1Mtn2kLQ.Tp6uBXhvrz00TZFCSWtmmlgtsuI0PLG0HcgMWuyE8_dJuqkqCjGcFwJN6Q
)

Route attributes: Array
(
    [id] => 37
)

----------------------------------------
Delete route detected: app_stock_delete - Monitored: YES
Determining action for route: app_stock_delete, isAdmin: YES
Determining target for route: app_stock_delete, id: 37
Creating log - Action: ADMIN_DELETES_RECORD Target: Admin deleted stock (ID: 37)
✅ Log saved successfully: ADMIN_DELETES_RECORD
2026-03-21 04:25:45 - POST Route: app_user_new
POST Data: Array
(
    [user] => Array
        (
            [username] => add
            [roles] => ROLE_ADMIN
            [password] => dawdw33
            [_token] => jr/kozRtKsBfbKSaoHCugLCt
        )

)

Route attributes: Array
(
)

----------------------------------------
Determining action for route: app_user_new, isAdmin: YES
Determining target for route: app_user_new, id: null
Creating log - Action: ADMIN_CREATES_USER Target: Admin created user: add (Role: Admin)
✅ Log saved successfully: ADMIN_CREATES_USER
2026-03-21 04:25:57 - POST Route: app_user_edit
POST Data: Array
(
    [user] => Array
        (
            [username] => add
            [roles] => ROLE_STAFF
            [password] => 
            [_token] => uRs/Up62PPOAZhvyi2zu22ve
        )

)

Route attributes: Array
(
    [id] => 22
)

----------------------------------------
Determining action for route: app_user_edit, isAdmin: YES
Determining target for route: app_user_edit, id: 22
Creating log - Action: ADMIN_UPDATES_USER Target: Admin updated user: add → Role changed from Staff to Staff
✅ Log saved successfully: ADMIN_UPDATES_USER
2026-03-21 04:26:03 - POST Route: app_user_delete
POST Data: Array
(
    [_token] => 4987b2e3922184f745a0315e7a9c.O0ewJQaM4FXRsE5NmGVKYEodOMnhLAXDohKeUuxG7pg.XQDaQEWhoRSU_gxg2wQsVSVobLCofEKM-kjdHYF-1_5qKfEXa9yYEav7Aw
)

Route attributes: Array
(
    [id] => 22
)

----------------------------------------
Delete route detected: app_user_delete - Monitored: YES
Determining action for route: app_user_delete, isAdmin: YES
Determining target for route: app_user_delete, id: 22
Creating log - Action: ADMIN_DELETES_USER Target: Admin deleted user (ID: 22)
✅ Log saved successfully: ADMIN_DELETES_USER
2026-03-21 04:26:50 - POST Route: app_user_new
POST Data: Array
(
    [user] => Array
        (
            [username] => adwdwaa
            [roles] => ROLE_ADMIN
            [password] => da3366
            [_token] => cIfkZPZl9SZuQhMj53nSeRqP
        )

)

Route attributes: Array
(
)

----------------------------------------
Determining action for route: app_user_new, isAdmin: YES
Determining target for route: app_user_new, id: null
Creating log - Action: ADMIN_CREATES_USER Target: Admin created user: adwdwaa (Role: Admin)
✅ Log saved successfully: ADMIN_CREATES_USER
2026-03-21 04:27:06 - POST Route: app_user_edit
POST Data: Array
(
    [user] => Array
        (
            [username] => adwdwaa
            [roles] => ROLE_USER
            [password] => dwadw
            [_token] => l26j719MUHFbbUgrkZzZ/AcL
        )

)

Route attributes: Array
(
    [id] => 23
)

----------------------------------------
Determining action for route: app_user_edit, isAdmin: YES
Determining target for route: app_user_edit, id: 23
Creating log - Action: ADMIN_UPDATES_USER Target: Admin updated user: adwdwaa → Role changed from User to User (Password changed)
✅ Log saved successfully: ADMIN_UPDATES_USER
2026-03-21 04:27:15 - POST Route: app_user_delete
POST Data: Array
(
    [_token] => 84f8ff6c14f36937b7a5c1c9ee5f4b.PWd652Aqnch3s7MFdIMMAq2daotltCYPzLoHay8EmZw.RA0eiwZh-aUt8NJBJspqcv7qCeUchkRj-9hDHhxr08VpMUKITUKoiU_ciw
)

Route attributes: Array
(
    [id] => 23
)

----------------------------------------
Delete route detected: app_user_delete - Monitored: YES
Determining action for route: app_user_delete, isAdmin: YES
Determining target for route: app_user_delete, id: 23
Creating log - Action: ADMIN_DELETES_USER Target: Admin deleted user (ID: 23)
✅ Log saved successfully: ADMIN_DELETES_USER
2026-03-21 04:27:36 - POST Route: app_profile_edit
POST Data: Array
(
    [profile] => Array
        (
            [plainPassword] => Array
                (
                    [first] => dodot@123
                    [second] => dodot@123
                )

            [_token] => AwKMJ+hEuXH43D+Q7ogoHEii
        )

)

Route attributes: Array
(
)

----------------------------------------
Determining action for route: app_profile_edit, isAdmin: YES
Determining target for route: app_profile_edit, id: null
Creating log - Action: USER_UPDATES_PROFILE Target: User updated their profile: Antony (Password changed)
✅ Log saved successfully: USER_UPDATES_PROFILE
✅ Logout log saved
✅ Login log saved
2026-03-21 04:31:02 - POST Route: app_dashboardupload_profile_picture
POST Data: Array
(
)

Route attributes: Array
(
)

----------------------------------------
2026-03-21 05:02:37 - POST Route: app_product_new
POST Data: Array
(
    [product] => Array
        (
            [name] => Bowl
            [description] => A normal bowl
            [price] => 800
            [category] => 6
            [image] => 
            [_token] => n+mJoSjyLi3L37oA3dbqhqvQ
        )

)

Route attributes: Array
(
)

----------------------------------------
Determining action for route: app_product_new, isAdmin: YES
Determining target for route: app_product_new, id: null
Creating log - Action: ADMIN_CREATES_RECORD Target: Admin created product: Bowl (Price: $800)
✅ Log saved successfully: ADMIN_CREATES_RECORD
2026-03-21 05:34:45 - POST Route: app_product_delete
POST Data: Array
(
    [_token] => 16ea32b2.p7yoF7rcHbX-N6n7TOktmZJY_9YOZROLOyctKBhQjcg.08viSIurKNaVBpCkOJsU48EHvb1MDHa-cx5aZUo63rvBj8kn67dH_61zkQ
)

Route attributes: Array
(
    [id] => 47
)

----------------------------------------
Delete route detected: app_product_delete - Monitored: YES
Determining action for route: app_product_delete, isAdmin: YES
Determining target for route: app_product_delete, id: 47
Creating log - Action: ADMIN_DELETES_RECORD Target: Admin deleted product (ID: 47)
✅ Log saved successfully: ADMIN_DELETES_RECORD
2026-03-21 05:52:27 - POST Route: app_product_new
POST Data: Array
(
    [product] => Array
        (
            [name] => Bowl
            [description] => A normal bowl
            [price] => 800
            [category] => 6
            [image] => 
            [_token] => XpV0h50pM2YH+lnLXksSOUK4
        )

)

Route attributes: Array
(
)

----------------------------------------
Determining action for route: app_product_new, isAdmin: YES
Determining target for route: app_product_new, id: null
Creating log - Action: ADMIN_CREATES_RECORD Target: Admin created product: Bowl (Price: $800)
✅ Log saved successfully: ADMIN_CREATES_RECORD
2026-03-21 05:54:55 - POST Route: app_product_new
POST Data: Array
(
    [product] => Array
        (
            [name] => 
            [description] => 
            [price] => 
            [category] => 
            [image] => 
            [_token] => VeUiLs55L1yTdiIGwseJoEuj
        )

)

Route attributes: Array
(
)

----------------------------------------
Determining action for route: app_product_new, isAdmin: YES
Determining target for route: app_product_new, id: null
Creating log - Action: ADMIN_CREATES_RECORD Target: Admin created product:  (Price: $)
✅ Log saved successfully: ADMIN_CREATES_RECORD
2026-03-21 05:58:07 - POST Route: app_profile_edit
POST Data: Array
(
    [profile] => Array
        (
            [plainPassword] => Array
                (
                    [first] => dodot@123
                    [second] => dodot@123
                )

            [_token] => xtVFj1D17hCOGgtWL/EDmOGG
        )

)

Route attributes: Array
(
)

----------------------------------------
Determining action for route: app_profile_edit, isAdmin: YES
Determining target for route: app_profile_edit, id: null
Creating log - Action: USER_UPDATES_PROFILE Target: User updated their profile: Dodot (Password changed)
✅ Log saved successfully: USER_UPDATES_PROFILE
2026-03-21 05:58:51 - POST Route: app_user_edit
POST Data: Array
(
    [user] => Array
        (
            [username] => weaver
            [roles] => ROLE_USER
            [password] => 
            [_token] => WTgBddGsP6LEbjxBOBNoCXL/
        )

)

Route attributes: Array
(
    [id] => 18
)

----------------------------------------
Determining action for route: app_user_edit, isAdmin: YES
Determining target for route: app_user_edit, id: 18
Creating log - Action: ADMIN_UPDATES_USER Target: Admin updated user: weaver → Role changed from User to User
✅ Log saved successfully: ADMIN_UPDATES_USER
✅ Logout log saved
✅ Login log saved
✅ Logout log saved
✅ Login log saved
2026-03-21 06:01:25 - POST Route: app_dashboardupload_profile_picture
POST Data: Array
(
)

Route attributes: Array
(
)

----------------------------------------
2026-03-21 06:12:42 - POST Route: app_product_delete
POST Data: Array
(
    [_token] => 42b6142a8c8510bfd.0Ajashxu18w9mBQhVL5idzN3bcpVEvdsQoCHkxPE1Wg.6X-C8EMb5P1-r1lGItZVJEMBPPs7eKZBCfqw4WSo5QubQpvedkO__ln1LA
)

Route attributes: Array
(
    [id] => 48
)

----------------------------------------
Delete route detected: app_product_delete - Monitored: YES
Determining action for route: app_product_delete, isAdmin: YES
Determining target for route: app_product_delete, id: 48
Creating log - Action: ADMIN_DELETES_RECORD Target: Admin deleted product (ID: 48)
✅ Log saved successfully: ADMIN_DELETES_RECORD
2026-03-21 06:13:14 - POST Route: app_product_new
POST Data: Array
(
    [product] => Array
        (
            [name] => Bowl
            [description] => A normal bowl
            [price] => 800
            [category] => 6
            [image] => 
            [_token] => zHqRJ7J3tNW6uyBbrXm9MAOh
        )

)

Route attributes: Array
(
)

----------------------------------------
Determining action for route: app_product_new, isAdmin: YES
Determining target for route: app_product_new, id: null
Creating log - Action: ADMIN_CREATES_RECORD Target: Admin created product: Bowl (Price: $800)
✅ Log saved successfully: ADMIN_CREATES_RECORD
✅ Logout log saved
✅ Login log saved
2026-03-21 06:23:23 - POST Route: app_user_new
POST Data: Array
(
    [user] => Array
        (
            [username] => Amil
            [roles] => ROLE_ADMIN
            [password] => dodot@123
            [_token] => RaNFUaUDMK3mA2qXFNj6XlIQ
        )

)

Route attributes: Array
(
)

----------------------------------------
Determining action for route: app_user_new, isAdmin: YES
Determining target for route: app_user_new, id: null
Creating log - Action: ADMIN_CREATES_USER Target: Admin created user: Amil (Role: Admin)
✅ Log saved successfully: ADMIN_CREATES_USER
2026-03-21 06:23:29 - POST Route: app_user_new
POST Data: Array
(
    [user] => Array
        (
            [username] => Amil
            [roles] => ROLE_ADMIN
            [password] => dodot@123
            [_token] => RaNFUaUDMK3mA2qXFNj6XlIQ
        )

)

Route attributes: Array
(
)

----------------------------------------
Determining action for route: app_user_new, isAdmin: YES
Determining target for route: app_user_new, id: null
Creating log - Action: ADMIN_CREATES_USER Target: Admin created user: Amil (Role: Admin)
✅ Log saved successfully: ADMIN_CREATES_USER
2026-03-21 06:23:57 - POST Route: app_user_new
POST Data: Array
(
    [user] => Array
        (
            [username] => Venom
            [roles] => ROLE_ADMIN
            [password] => dodot@123
            [_token] => rc5EtChPoaxACynUzWEGDOFA
        )

)

Route attributes: Array
(
)

----------------------------------------
Determining action for route: app_user_new, isAdmin: YES
Determining target for route: app_user_new, id: null
Creating log - Action: ADMIN_CREATES_USER Target: Admin created user: Venom (Role: Admin)
✅ Log saved successfully: ADMIN_CREATES_USER
✅ Logout log saved
✅ Login log saved
2026-03-21 06:32:59 - POST Route: app_product_new
POST Data: Array
(
    [product] => Array
        (
            [name] => 
            [description] => 
            [price] => 
            [category] => 
            [image] => 
            [_token] => d/00RsdT1OxnsN4MK4DQIi6j
        )

)

Route attributes: Array
(
)

----------------------------------------
Determining action for route: app_product_new, isAdmin: YES
Determining target for route: app_product_new, id: null
Creating log - Action: ADMIN_CREATES_RECORD Target: Admin created product:  (Price: $)
✅ Log saved successfully: ADMIN_CREATES_RECORD
2026-03-21 06:33:03 - POST Route: app_product_new
POST Data: Array
(
    [product] => Array
        (
            [name] => 
            [description] => 
            [price] => 
            [category] => 
            [image] => 
            [_token] => d/00RsdT1OxnsN4MK4DQIi6j
        )

)

Route attributes: Array
(
)

----------------------------------------
Determining action for route: app_product_new, isAdmin: YES
Determining target for route: app_product_new, id: null
Creating log - Action: ADMIN_CREATES_RECORD Target: Admin created product:  (Price: $)
✅ Log saved successfully: ADMIN_CREATES_RECORD
2026-03-21 06:33:34 - POST Route: app_product_delete
POST Data: Array
(
    [_token] => dc4b3d0d6ace3d598124e.dN1nboemrBsRhkQE0EUsryYUgpaUnICTTSUismDBTf4.IOgeI-vQ_1dO4zRgtTEc92NXusHn5PLDOVUaxASsGr0ui1Fb6NGVSnPlNw
)

Route attributes: Array
(
    [id] => 49
)

----------------------------------------
Delete route detected: app_product_delete - Monitored: YES
Determining action for route: app_product_delete, isAdmin: YES
Determining target for route: app_product_delete, id: 49
Creating log - Action: ADMIN_DELETES_RECORD Target: Admin deleted product (ID: 49)
✅ Log saved successfully: ADMIN_DELETES_RECORD
2026-03-21 06:38:14 - POST Route: app_product_edit
POST Data: Array
(
    [product] => Array
        (
            [name] => Queen Bed
            [description] => A queen bed that is very light and smooth expensive
            [price] => 4400.00
            [category] => 4
            [image] => https://images.unsplash.com/photo-1505693416388-ac5ce068fe85?w=600&auto=format&fit=crop&q=60&ixlib=rb-4.1.0&ixid=M3wxMjA3fDB8MHxzZWFyY2h8M3x8QmVkfGVufDB8fDB8fHww
            [_token] => VziQH+X5Hj8AwfhiUSGdQju3
        )

)

Route attributes: Array
(
    [id] => 3
)

----------------------------------------
Determining action for route: app_product_edit, isAdmin: YES
Determining target for route: app_product_edit, id: 3
Creating log - Action: ADMIN_UPDATES_RECORD Target: Admin edited product: Queen Bed (Price: $4400.00)
✅ Log saved successfully: ADMIN_UPDATES_RECORD
2026-03-21 06:40:21 - POST Route: app_product_new
POST Data: Array
(
    [product] => Array
        (
            [name] => Bowl
            [description] => A normal Bowl
            [price] => 800
            [category] => 6
            [image] => 
            [_token] => MQ+92ufTQD30nTQ/0q71wmsu
        )

)

Route attributes: Array
(
)

----------------------------------------
Determining action for route: app_product_new, isAdmin: YES
Determining target for route: app_product_new, id: null
Creating log - Action: ADMIN_CREATES_RECORD Target: Admin created product: Bowl (Price: $800)
✅ Log saved successfully: ADMIN_CREATES_RECORD
2026-03-21 07:04:41 - POST Route: app_stock_new
POST Data: Array
(
    [stock] => Array
        (
            [product] => 43
            [stock] => 33
            [_token] => ASqxHiuY2LoT1hw5FyA8T61A
        )

)

Route attributes: Array
(
)

----------------------------------------
Determining action for route: app_stock_new, isAdmin: YES
Determining target for route: app_stock_new, id: null
Creating log - Action: ADMIN_CREATES_RECORD Target: Admin created stock: Blender x 33 units
✅ Log saved successfully: ADMIN_CREATES_RECORD
2026-03-21 07:16:06 - POST Route: app_dashboardupload_profile_picture
POST Data: Array
(
)

Route attributes: Array
(
)

----------------------------------------
2026-03-21 07:59:29 - POST Route: app_user_edit
POST Data: Array
(
    [user] => Array
        (
            [username] => amil
            [roles] => ROLE_STAFF
            [password] => dodot@123
            [_token] => 8ZRtkFljX+N7krju9KIf/KHX
        )

)

Route attributes: Array
(
    [id] => 11
)

----------------------------------------
Determining action for route: app_user_edit, isAdmin: YES
Determining target for route: app_user_edit, id: 11
Creating log - Action: ADMIN_UPDATES_USER Target: Admin updated user: amil → Role changed from Staff to Staff (Password changed)
✅ Log saved successfully: ADMIN_UPDATES_USER
2026-03-21 07:59:47 - POST Route: app_user_edit
POST Data: Array
(
    [user] => Array
        (
            [username] => weaver
            [roles] => ROLE_USER
            [password] => dodot@123
            [_token] => 7JcXiGMk8AMCxSU2NU0dXXQu
        )

)

Route attributes: Array
(
    [id] => 18
)

----------------------------------------
Determining action for route: app_user_edit, isAdmin: YES
Determining target for route: app_user_edit, id: 18
Creating log - Action: ADMIN_UPDATES_USER Target: Admin updated user: weaver → Role changed from User to User (Password changed)
✅ Log saved successfully: ADMIN_UPDATES_USER
✅ Logout log saved
✅ Login log saved
2026-03-21 08:04:42 - POST Route: app_dashboardupload_profile_picture
POST Data: Array
(
)

Route attributes: Array
(
)

----------------------------------------
2026-03-21 08:07:16 - POST Route: app_stock_new
POST Data: Array
(
    [stock] => Array
        (
            [product] => 50
            [stock] => 5
            [_token] => ASrQvYb2OtjmcRf/bZHUiTa8
        )

)

Route attributes: Array
(
)

----------------------------------------
Determining action for route: app_stock_new, isAdmin: NO
Determining target for route: app_stock_new, id: null
Creating log - Action: STAFF_CREATES_RECORD Target: Staff created stock: Bowl x 5 units
✅ Log saved successfully: STAFF_CREATES_RECORD
✅ Logout log saved
✅ Login log saved
2026-03-21 08:08:53 - POST Route: app_dashboardupload_profile_picture
POST Data: Array
(
)

Route attributes: Array
(
)

----------------------------------------
✅ Logout log saved
✅ Login log saved
✅ Logout log saved
✅ Login log saved
✅ Logout log saved
✅ Login log saved
✅ Logout log saved
✅ Login log saved
✅ Logout log saved
✅ Login log saved
✅ Logout log saved
✅ Login log saved
✅ Logout log saved
✅ Login log saved
2026-03-22 08:25:53 - POST Route: app_stock_edit
POST Data: Array
(
    [stock] => Array
        (
            [product] => 5
            [stock] => 50
            [_token] => 9GEkD9grc1gxk0rU090q7lgG
        )

)

Route attributes: Array
(
    [id] => 18
)

----------------------------------------
Determining action for route: app_stock_edit, isAdmin: YES
Determining target for route: app_stock_edit, id: 18
Creating log - Action: ADMIN_UPDATES_RECORD Target: Admin edited stock: Vacuum Cleaner → 50 units
✅ Log saved successfully: ADMIN_UPDATES_RECORD
2026-03-22 08:26:16 - POST Route: app_stock_edit
POST Data: Array
(
    [stock] => Array
        (
            [product] => 20
            [stock] => 40
            [_token] => GfRJrlSLl+IkAj5Zu9RbxYeA
        )

)

Route attributes: Array
(
    [id] => 22
)

----------------------------------------
Determining action for route: app_stock_edit, isAdmin: YES
Determining target for route: app_stock_edit, id: 22
Creating log - Action: ADMIN_UPDATES_RECORD Target: Admin edited stock: Pliers → 40 units
✅ Log saved successfully: ADMIN_UPDATES_RECORD
2026-03-22 08:26:32 - POST Route: app_stock_edit
POST Data: Array
(
    [stock] => Array
        (
            [product] => 23
            [stock] => 44
            [_token] => fV/jaa2BhT41TZCA8+HzULs1
        )

)

Route attributes: Array
(
    [id] => 23
)

----------------------------------------
Determining action for route: app_stock_edit, isAdmin: YES
Determining target for route: app_stock_edit, id: 23
Creating log - Action: ADMIN_UPDATES_RECORD Target: Admin edited stock: Rope → 44 units
✅ Log saved successfully: ADMIN_UPDATES_RECORD
2026-03-22 08:27:18 - POST Route: app_stock_delete
POST Data: Array
(
    [_token] => 217e3b9bdfa.6tpTDY9x6ZYkMaOcctaXyNEQKCRLsUcTDJFvzP_Qidk.n487dMUTuPtDduLZJ6PwoKN4a0kf0CpSXcMHlZC36IPSiClK5z_QoHRkxA
)

Route attributes: Array
(
    [id] => 18
)

----------------------------------------
Delete route detected: app_stock_delete - Monitored: YES
Determining action for route: app_stock_delete, isAdmin: YES
Determining target for route: app_stock_delete, id: 18
Creating log - Action: ADMIN_DELETES_RECORD Target: Admin deleted stock (ID: 18)
✅ Log saved successfully: ADMIN_DELETES_RECORD
2026-03-22 08:27:27 - POST Route: app_stock_delete
POST Data: Array
(
    [_token] => 7640a1f7314.CtZB5A6XTyXMgoz68jHCu2wSdwYZc4NpNduA-c7i-tI.WpUml334Ck21utmWg3ih-h1-EmAoFuc7e4nKspuQlJk_-waSX_8NEIjx6w
)

Route attributes: Array
(
    [id] => 22
)

----------------------------------------
Delete route detected: app_stock_delete - Monitored: YES
Determining action for route: app_stock_delete, isAdmin: YES
Determining target for route: app_stock_delete, id: 22
Creating log - Action: ADMIN_DELETES_RECORD Target: Admin deleted stock (ID: 22)
✅ Log saved successfully: ADMIN_DELETES_RECORD
2026-03-22 08:27:35 - POST Route: app_stock_delete
POST Data: Array
(
    [_token] => c75de701f5e.qmWfgIEcjY-uO02Kfh2yYUSMb65F-iL2OR0trjUsdbA.xQ71welfy-zoCzzIPG6FCwfmO-ELyhSFAE9Y6Gd_P_jHEKfrx3T_yt9OdQ
)

Route attributes: Array
(
    [id] => 23
)

----------------------------------------
Delete route detected: app_stock_delete - Monitored: YES
Determining action for route: app_stock_delete, isAdmin: YES
Determining target for route: app_stock_delete, id: 23
Creating log - Action: ADMIN_DELETES_RECORD Target: Admin deleted stock (ID: 23)
✅ Log saved successfully: ADMIN_DELETES_RECORD
2026-03-22 08:27:44 - POST Route: app_stock_delete
POST Data: Array
(
    [_token] => 41416af5156e3d2c487.ckUcn7z45w_ClOoRN4D4Bsi-CAwRjbZybVKj-tcq4O4.X3VrrdC5qjjw4K98Z_W_MoTqUE166c8kJw3gjLZFrrQ4d0j6jZKROfPSnQ
)

Route attributes: Array
(
    [id] => 25
)

----------------------------------------
Delete route detected: app_stock_delete - Monitored: YES
Determining action for route: app_stock_delete, isAdmin: YES
Determining target for route: app_stock_delete, id: 25
Creating log - Action: ADMIN_DELETES_RECORD Target: Admin deleted stock (ID: 25)
✅ Log saved successfully: ADMIN_DELETES_RECORD
2026-03-22 08:27:58 - POST Route: app_stock_new
POST Data: Array
(
    [stock] => Array
        (
            [product] => 28
            [stock] => 44
            [_token] => SQLmliPP13bSgyjddPX1O4ii
        )

)

Route attributes: Array
(
)

----------------------------------------
Determining action for route: app_stock_new, isAdmin: YES
Determining target for route: app_stock_new, id: null
Creating log - Action: ADMIN_CREATES_RECORD Target: Admin created stock: airpod x 44 units
✅ Log saved successfully: ADMIN_CREATES_RECORD
✅ Login log saved
✅ Login log saved
✅ Login log saved
2026-03-23 14:07:35 - POST Route: app_order_new
POST Data: Array
(
    [stock_id] => 14
    [quantity] => 1
)

Route attributes: Array
(
)

----------------------------------------
Determining action for route: app_order_new, isAdmin: YES
Determining target for route: app_order_new, id: null
Creating log - Action: ADMIN_CREATES_RECORD Target: NULL
SKIPPED - No action or target
✅ Login log saved
✅ Logout log saved
2026-03-23 14:11:33 - POST Route: app_register
POST Data: Array
(
    [registration_form] => Array
        (
            [username] => Anthony
            [plainPassword] => staff
            [agreeTerms] => 1
            [_token] => KOKXqUHofDUS46Ia1SWDci3E
        )

)

Route attributes: Array
(
)

----------------------------------------
2026-03-23 14:11:52 - POST Route: app_register
POST Data: Array
(
    [registration_form] => Array
        (
            [username] => Anthony
            [plainPassword] => staff123
            [agreeTerms] => 1
            [_token] => /8aiiRNkuSowTo+1EAEwYW5U
        )

)

Route attributes: Array
(
)

----------------------------------------
✅ Login log saved
2026-03-23 14:42:47 - POST Route: app_order_delete
POST Data: Array
(
    [_token] => 66b6b00b07e4e2a394e7536df9f09879.PxKFGeF28Y3NP86cFuwDAuA7_33VC_SAr01T1JCDwv0.VHnmXJAdrvn5d5TOJoo6SY5VihKkObnrzRg9uL2ykqsNY99fmxqX1f1Z9g
)

Route attributes: Array
(
    [id] => 60
)

----------------------------------------
Delete route detected: app_order_delete - Monitored: YES
Determining action for route: app_order_delete, isAdmin: YES
Determining target for route: app_order_delete, id: 60
Creating log - Action: ADMIN_DELETES_RECORD Target: NULL
SKIPPED - No action or target
2026-03-23 14:48:42 - POST Route: app_order_new
POST Data: Array
(
    [stock_id] => 26
    [quantity] => 1
)

Route attributes: Array
(
)

----------------------------------------
Determining action for route: app_order_new, isAdmin: YES
Determining target for route: app_order_new, id: null
Creating log - Action: ADMIN_CREATES_RECORD Target: NULL
SKIPPED - No action or target
✅ Logout log saved
✅ Login log saved
✅ Login log saved
✅ Login log saved
✅ Logout log saved
✅ Login log saved
2026-03-23 15:47:50 - POST Route: app_dashboardupload_profile_picture
POST Data: Array
(
)

Route attributes: Array
(
)

----------------------------------------
2026-03-23 15:49:53 - POST Route: app_dashboardupload_profile_picture
POST Data: Array
(
)

Route attributes: Array
(
)

----------------------------------------
✅ Logout log saved
✅ Login log saved
2026-03-23 16:06:57 - POST Route: app_dashboardupload_profile_picture
POST Data: Array
(
)

Route attributes: Array
(
)

----------------------------------------
2026-03-23 16:07:12 - POST Route: app_dashboardupload_profile_picture
POST Data: Array
(
)

Route attributes: Array
(
)

----------------------------------------
2026-03-23 16:07:29 - POST Route: app_dashboardupload_profile_picture
POST Data: Array
(
)

Route attributes: Array
(
)

----------------------------------------
✅ Logout log saved
2026-03-23 16:21:41 - POST Route: app_profile_upload_picture
POST Data: Array
(
)

Route attributes: Array
(
)

----------------------------------------
✅ Login log saved
2026-03-23 16:22:28 - POST Route: app_dashboardupload_profile_picture
POST Data: Array
(
)

Route attributes: Array
(
)

----------------------------------------
2026-03-23 16:22:47 - POST Route: app_dashboardupload_profile_picture
POST Data: Array
(
)

Route attributes: Array
(
)

----------------------------------------
✅ Logout log saved
✅ Login log saved
2026-03-23 16:26:06 - POST Route: app_dashboardupload_profile_picture
POST Data: Array
(
)

Route attributes: Array
(
)

----------------------------------------
2026-03-23 16:26:17 - POST Route: app_dashboardupload_profile_picture
POST Data: Array
(
)

Route attributes: Array
(
)

----------------------------------------
2026-03-23 16:26:29 - POST Route: app_dashboardupload_profile_picture
POST Data: Array
(
)

Route attributes: Array
(
)

----------------------------------------
2026-03-23 16:26:38 - POST Route: app_dashboardupload_profile_picture
POST Data: Array
(
)

Route attributes: Array
(
)

----------------------------------------
2026-03-23 16:39:31 - POST Route: app_dashboardupload_profile_picture
POST Data: Array
(
)

Route attributes: Array
(
)

----------------------------------------
✅ Logout log saved
✅ Login log saved
✅ Logout log saved
✅ Login log saved
✅ Logout log saved
2026-03-23 16:50:35 - POST Route: app_dashboardupload_profile_picture
POST Data: Array
(
)

Route attributes: Array
(
)

----------------------------------------
2026-03-23 17:01:57 - POST Route: app_register
POST Data: Array
(
    [registration_form] => Array
        (
            [username] => Jajton
            [plainPassword] => jajton123
            [agreeTerms] => 1
            [_token] => yMdjv3Jm4OQc5yTAZc926HGz
        )

)

Route attributes: Array
(
)

----------------------------------------
✅ Login log saved
✅ Logout log saved
✅ Logout log saved
2026-03-23 17:17:10 - POST Route: app_register
POST Data: Array
(
    [registration_form] => Array
        (
            [username] => loloy
            [plainPassword] => loloy123
            [_token] => VqPHmWMyo+FmZ6i45X7B2GzM
        )

)

Route attributes: Array
(
)

----------------------------------------
2026-03-23 17:17:19 - POST Route: app_register
POST Data: Array
(
    [registration_form] => Array
        (
            [username] => loloy
            [plainPassword] => loloy123
            [agreeTerms] => 1
            [_token] => CoQN+g2YFfdLgNu+VLYrpPSY
        )

)

Route attributes: Array
(
)

----------------------------------------
✅ Login log saved
✅ Logout log saved
2026-03-23 17:30:54 - POST Route: app_register
POST Data: Array
(
    [registration_form] => Array
        (
            [username] => Arjay
            [plainPassword] => arjay123
            [agreeTerms] => 1
            [_token] => Mk5tQrvQpTf7uiWteMaQyMWF
        )

)

Route attributes: Array
(
)

----------------------------------------
✅ Login log saved
2026-03-23 17:31:38 - POST Route: app_profile_upload_picture
POST Data: Array
(
)

Route attributes: Array
(
)

----------------------------------------
✅ Logout log saved
2026-03-27 08:42:00 - POST Route: api_login
POST Data: Array
(
)

Route attributes: Array
(
)

----------------------------------------
2026-03-27 08:43:17 - POST Route: api_login
POST Data: Array
(
)

Route attributes: Array
(
)

----------------------------------------
2026-03-27 08:45:53 - POST Route: api_login
POST Data: Array
(
)

Route attributes: Array
(
)

----------------------------------------
2026-03-27 08:46:22 - POST Route: api_login
POST Data: Array
(
)

Route attributes: Array
(
)

----------------------------------------
2026-03-27 08:49:26 - POST Route: api_login
POST Data: Array
(
)

Route attributes: Array
(
)

----------------------------------------
2026-03-27 08:52:12 - POST Route: api_login
POST Data: Array
(
)

Route attributes: Array
(
)

----------------------------------------
2026-03-27 08:52:16 - POST Route: api_login
POST Data: Array
(
)

Route attributes: Array
(
)

----------------------------------------
2026-03-27 08:52:21 - POST Route: api_login
POST Data: Array
(
)

Route attributes: Array
(
)

----------------------------------------
2026-03-27 08:53:52 - POST Route: api_login
POST Data: Array
(
)

Route attributes: Array
(
)

----------------------------------------
2026-03-27 08:53:54 - POST Route: api_login
POST Data: Array
(
)

Route attributes: Array
(
)

----------------------------------------
2026-03-27 08:53:55 - POST Route: api_login
POST Data: Array
(
)

Route attributes: Array
(
)

----------------------------------------
2026-03-27 08:54:20 - POST Route: api_login
POST Data: Array
(
)

Route attributes: Array
(
)

----------------------------------------
2026-03-27 08:54:21 - POST Route: api_login
POST Data: Array
(
)

Route attributes: Array
(
)

----------------------------------------
2026-03-27 08:54:22 - POST Route: api_login
POST Data: Array
(
)

Route attributes: Array
(
)

----------------------------------------
2026-03-27 08:56:19 - POST Route: api_login
POST Data: Array
(
)

Route attributes: Array
(
)

----------------------------------------
2026-03-27 08:56:20 - POST Route: api_login
POST Data: Array
(
)

Route attributes: Array
(
)

----------------------------------------
2026-03-27 08:56:21 - POST Route: api_login
POST Data: Array
(
)

Route attributes: Array
(
)

----------------------------------------
2026-03-27 08:56:22 - POST Route: api_login
POST Data: Array
(
)

Route attributes: Array
(
)

----------------------------------------
2026-03-27 08:56:23 - POST Route: api_login
POST Data: Array
(
)

Route attributes: Array
(
)

----------------------------------------
2026-03-27 09:25:33 - POST Route: api_login
POST Data: Array
(
)

Route attributes: Array
(
)

----------------------------------------
2026-03-27 09:25:34 - POST Route: api_login
POST Data: Array
(
)

Route attributes: Array
(
)

----------------------------------------
2026-03-27 09:25:35 - POST Route: api_login
POST Data: Array
(
)

Route attributes: Array
(
)

----------------------------------------
2026-03-27 09:25:36 - POST Route: api_login
POST Data: Array
(
)

Route attributes: Array
(
)

----------------------------------------
2026-03-27 09:25:37 - POST Route: api_login
POST Data: Array
(
)

Route attributes: Array
(
)

----------------------------------------
2026-03-27 09:25:46 - POST Route: api_login
POST Data: Array
(
)

Route attributes: Array
(
)

----------------------------------------
2026-03-27 09:25:47 - POST Route: api_login
POST Data: Array
(
)

Route attributes: Array
(
)

----------------------------------------
2026-03-27 09:25:47 - POST Route: api_login
POST Data: Array
(
)

Route attributes: Array
(
)

----------------------------------------
2026-03-27 09:25:48 - POST Route: api_login
POST Data: Array
(
)

Route attributes: Array
(
)

----------------------------------------
2026-03-27 09:25:49 - POST Route: api_login
POST Data: Array
(
)

Route attributes: Array
(
)

----------------------------------------
2026-03-27 09:28:58 - POST Route: api_login
POST Data: Array
(
)

Route attributes: Array
(
)

----------------------------------------
2026-03-27 09:28:59 - POST Route: api_login
POST Data: Array
(
)

Route attributes: Array
(
)

----------------------------------------
2026-03-27 09:29:00 - POST Route: api_login
POST Data: Array
(
)

Route attributes: Array
(
)

----------------------------------------
2026-03-27 09:29:00 - POST Route: api_login
POST Data: Array
(
)

Route attributes: Array
(
)

----------------------------------------
2026-03-27 09:29:01 - POST Route: api_login
POST Data: Array
(
)

Route attributes: Array
(
)

----------------------------------------
2026-03-27 09:31:42 - POST Route: api_login
POST Data: Array
(
)

Route attributes: Array
(
)

----------------------------------------
2026-03-27 09:31:43 - POST Route: api_login
POST Data: Array
(
)

Route attributes: Array
(
)

----------------------------------------
2026-03-27 09:31:44 - POST Route: api_login
POST Data: Array
(
)

Route attributes: Array
(
)

----------------------------------------
2026-03-27 09:31:45 - POST Route: api_login
POST Data: Array
(
)

Route attributes: Array
(
)

----------------------------------------
2026-03-27 09:31:46 - POST Route: api_login
POST Data: Array
(
)

Route attributes: Array
(
)

----------------------------------------
✅ Login log saved
2026-03-29 05:38:02 - POST Route: app_order_new
POST Data: Array
(
    [stock_id] => 16
    [quantity] => 1
)

Route attributes: Array
(
)

----------------------------------------
Determining action for route: app_order_new, isAdmin: YES
Determining target for route: app_order_new, id: null
Creating log - Action: ADMIN_CREATES_RECORD Target: NULL
SKIPPED - No action or target
2026-03-29 05:44:34 - POST Route: app_order_delete
POST Data: Array
(
    [_token] => a1ee79beca71f72018a1887d6b7.mlyRXhnFmXLWtmGFLuoXEvRG53tF2m_Z3OQT4EChpVk.z2TGMnyI9iTi_xiwcbp8YaJxq09ytxr07Ndp2CnonDbtKcsUW7HGJ-_CEg
)

Route attributes: Array
(
    [id] => 62
)

----------------------------------------
Delete route detected: app_order_delete - Monitored: YES
Determining action for route: app_order_delete, isAdmin: YES
Determining target for route: app_order_delete, id: 62
Creating log - Action: ADMIN_DELETES_RECORD Target: NULL
SKIPPED - No action or target
2026-03-29 05:48:04 - POST Route: app_order_new
POST Data: Array
(
    [stock_id] => 16
    [quantity] => 1
)

Route attributes: Array
(
)

----------------------------------------
Determining action for route: app_order_new, isAdmin: YES
Determining target for route: app_order_new, id: null
Creating log - Action: ADMIN_CREATES_RECORD Target: NULL
SKIPPED - No action or target
2026-03-29 05:48:43 - POST Route: app_order_delete
POST Data: Array
(
    [_token] => e96e03456a5306fc.r5lRQeSer46x8dCWyz-eibxIbH78y3qNYNEf4JBz-y4.7qE0CoHb6NrCnYLDv2js--l_OxqI_xTYJ75IoeZKgRjr8TBwu9LkxujGlQ
)

Route attributes: Array
(
    [id] => 63
)

----------------------------------------
Delete route detected: app_order_delete - Monitored: YES
Determining action for route: app_order_delete, isAdmin: YES
Determining target for route: app_order_delete, id: 63
Creating log - Action: ADMIN_DELETES_RECORD Target: NULL
SKIPPED - No action or target
2026-03-29 06:00:33 - POST Route: app_order_delete
POST Data: Array
(
    [_token] => a0280530362f015f3a80c80e15.eR4I2S1cJGxRRsZlkPyGgMlg6MxsqSTi9XPyeRYs8bE.IHVamkI-U1UfIqIC-Yrt7K80moMH-3GX2BuGDyJ4id0SRkGrRBRgCCd-8g
)

Route attributes: Array
(
    [id] => 61
)

----------------------------------------
Delete route detected: app_order_delete - Monitored: YES
Determining action for route: app_order_delete, isAdmin: YES
Determining target for route: app_order_delete, id: 61
Creating log - Action: ADMIN_DELETES_RECORD Target: NULL
SKIPPED - No action or target
2026-03-29 06:01:04 - POST Route: app_order_new
POST Data: Array
(
    [stock_id] => 16
    [quantity] => 1
)

Route attributes: Array
(
)

----------------------------------------
Determining action for route: app_order_new, isAdmin: YES
Determining target for route: app_order_new, id: null
Creating log - Action: ADMIN_CREATES_RECORD Target: NULL
SKIPPED - No action or target
2026-03-29 06:01:45 - POST Route: app_order_delete
POST Data: Array
(
    [_token] => ad75ec77153af8c9148c58020c6206.fTUaeZKRmwS2V81CybuaDY5Ts0sedsyeYTrk__J4XPM.CXx8DNq86kbUGfhxp8PUW_YMwi1SHoisBwyhnsc6BZs7eSMO_Pf6Z8x6rg
)

Route attributes: Array
(
    [id] => 64
)

----------------------------------------
Delete route detected: app_order_delete - Monitored: YES
Determining action for route: app_order_delete, isAdmin: YES
Determining target for route: app_order_delete, id: 64
Creating log - Action: ADMIN_DELETES_RECORD Target: NULL
SKIPPED - No action or target
2026-03-29 06:32:53 - POST Route: app_product_new
POST Data: Array
(
    [product] => Array
        (
            [name] => 
            [description] => 
            [price] => 
            [category] => 
            [image] => 
            [_token] => T4MFH6ZW2gl+iTEBzhMe/2NS
        )

)

Route attributes: Array
(
)

----------------------------------------
Determining action for route: app_product_new, isAdmin: YES
Determining target for route: app_product_new, id: null
Creating log - Action: ADMIN_CREATES_RECORD Target: Admin created product:  (Price: $)
✅ Log saved successfully: ADMIN_CREATES_RECORD
2026-03-29 06:34:28 - POST Route: app_product_new
POST Data: Array
(
    [product] => Array
        (
            [name] => Frying Pan
            [description] => Use for frying
            [price] => 500
            [category] => 6
            [image] => https://images.unsplash.com/photo-1592156328757-ae2941276b2c?w=600&auto=format&fit=crop&q=60&ixlib=rb-4.1.0&ixid=M3wxMjA3fDB8MHxzZWFyY2h8M3x8ZnJ5aW5nJTIwcGFufGVufDB8fDB8fHww
            [_token] => T4MFH6ZW2gl+iTEBzhMe/2NS
        )

)

Route attributes: Array
(
)

----------------------------------------
Determining action for route: app_product_new, isAdmin: YES
Determining target for route: app_product_new, id: null
Creating log - Action: ADMIN_CREATES_RECORD Target: Admin created product: Frying Pan (Price: $500)
✅ Log saved successfully: ADMIN_CREATES_RECORD
2026-03-29 06:36:36 - POST Route: app_dashboardupload_profile_picture
POST Data: Array
(
)

Route attributes: Array
(
)

----------------------------------------
2026-03-29 06:42:44 - POST Route: app_product_delete
POST Data: Array
(
    [_token] => e7088eefda38313764c3db1c.97HdUSOx9lxDsSJbt7h8T2W7Z49PoSpG07Z2DOG3xu4.lMCqJGTrrC83g1EC08I7Fx3vL_457Fx0h_IUU6vjlduS1ekgctSZbSeBdw
)

Route attributes: Array
(
    [id] => 51
)

----------------------------------------
Delete route detected: app_product_delete - Monitored: YES
Determining action for route: app_product_delete, isAdmin: YES
Determining target for route: app_product_delete, id: 51
Creating log - Action: ADMIN_DELETES_RECORD Target: Admin deleted product (ID: 51)
✅ Log saved successfully: ADMIN_DELETES_RECORD
2026-03-29 06:52:02 - POST Route: app_product_delete
POST Data: Array
(
    [_token] => a54860d0cf8e1822d20.kjW5gRC8EfIcETIYLOt36rI3kXe0N2VY-zRdOqvs3WY.80_M8mTPKIZzcGpge5IZpdVQqTOETlcXiU0eccScugWhRo6yQcRrsUh1dw
)

Route attributes: Array
(
    [id] => 50
)

----------------------------------------
Delete route detected: app_product_delete - Monitored: YES
Determining action for route: app_product_delete, isAdmin: YES
Determining target for route: app_product_delete, id: 50
Creating log - Action: ADMIN_DELETES_RECORD Target: Admin deleted product (ID: 50)
✅ Log saved successfully: ADMIN_DELETES_RECORD
2026-03-29 06:53:38 - POST Route: app_stock_edit
POST Data: Array
(
    [stock] => Array
        (
            [product] => 26
            [stock] => 50
            [_token] => LZeo6o/gEfcXfqw0b1ZgTgZt
        )

)

Route attributes: Array
(
    [id] => 26
)

----------------------------------------
Determining action for route: app_stock_edit, isAdmin: YES
Determining target for route: app_stock_edit, id: 26
Creating log - Action: ADMIN_UPDATES_RECORD Target: Admin edited stock: Headphone → 50 units
✅ Log saved successfully: ADMIN_UPDATES_RECORD
2026-03-29 06:57:02 - POST Route: app_product_edit
POST Data: Array
(
    [product] => Array
        (
            [name] => Blender
            [description] => A portable blender
            [price] => 8000.00
            [category] => 6
            [image] => https://plus.unsplash.com/premium_photo-1718043036199-d98bef36af46?w=600&auto=format&fit=crop&q=60&ixlib=rb-4.1.0&ixid=M3wxMjA3fDB8MHxzZWFyY2h8MXx8YmxlbmRlcnxlbnwwfHwwfHx8MA%3D%3D
            [_token] => S0gHlGwZfjjeui8CSiqELqpF
        )

)

Route attributes: Array
(
    [id] => 43
)

----------------------------------------
Determining action for route: app_product_edit, isAdmin: YES
Determining target for route: app_product_edit, id: 43
Creating log - Action: ADMIN_UPDATES_RECORD Target: Admin edited product: Blender (Price: $8000.00)
✅ Log saved successfully: ADMIN_UPDATES_RECORD
2026-03-29 07:06:19 - POST Route: app_product_edit
POST Data: Array
(
    [product] => Array
        (
            [name] => Blender
            [description] => A portable blender
            [price] => 4000.00
            [category] => 6
            [image] => https://plus.unsplash.com/premium_photo-1718043036199-d98bef36af46?w=600&auto=format&fit=crop&q=60&ixlib=rb-4.1.0&ixid=M3wxMjA3fDB8MHxzZWFyY2h8MXx8YmxlbmRlcnxlbnwwfHwwfHx8MA%3D%3D
            [_token] => LxdXQtDUvvoVnd8Q0dgyhHBF
        )

)

Route attributes: Array
(
    [id] => 43
)

----------------------------------------
Determining action for route: app_product_edit, isAdmin: YES
Determining target for route: app_product_edit, id: 43
Creating log - Action: ADMIN_UPDATES_RECORD Target: Admin edited product: Blender (Price: $4000.00)
✅ Log saved successfully: ADMIN_UPDATES_RECORD
2026-03-29 07:07:24 - POST Route: app_product_new
POST Data: Array
(
    [product] => Array
        (
            [name] => Frying Pan
            [description] => Use for frying
            [price] => 200
            [category] => 6
            [image] => https://images.unsplash.com/photo-1592156328757-ae2941276b2c?w=600&auto=format&fit=crop&q=60&ixlib=rb-4.1.0&ixid=M3wxMjA3fDB8MHxzZWFyY2h8M3x8ZnJ5aW5nJTIwcGFufGVufDB8fDB8fHww
            [_token] => RqpCCcpiy3gwQ5EZX5EI7Rsx
        )

)

Route attributes: Array
(
)

----------------------------------------
Determining action for route: app_product_new, isAdmin: YES
Determining target for route: app_product_new, id: null
Creating log - Action: ADMIN_CREATES_RECORD Target: Admin created product: Frying Pan (Price: $200)
✅ Log saved successfully: ADMIN_CREATES_RECORD
2026-03-29 07:08:47 - POST Route: app_product_new
POST Data: Array
(
    [product] => Array
        (
            [name] => 
            [description] => 
            [price] => 
            [category] => 
            [image] => 
            [_token] => eXT9+8EV4wt9cpq8iAby949G
        )

)

Route attributes: Array
(
)

----------------------------------------
Determining action for route: app_product_new, isAdmin: YES
Determining target for route: app_product_new, id: null
Creating log - Action: ADMIN_CREATES_RECORD Target: Admin created product:  (Price: $)
✅ Log saved successfully: ADMIN_CREATES_RECORD
2026-03-29 07:08:50 - POST Route: app_product_new
POST Data: Array
(
    [product] => Array
        (
            [name] => 
            [description] => 
            [price] => 
            [category] => 
            [image] => 
            [_token] => eXT9+8EV4wt9cpq8iAby949G
        )

)

Route attributes: Array
(
)

----------------------------------------
Determining action for route: app_product_new, isAdmin: YES
Determining target for route: app_product_new, id: null
Creating log - Action: ADMIN_CREATES_RECORD Target: Admin created product:  (Price: $)
✅ Log saved successfully: ADMIN_CREATES_RECORD
2026-03-29 07:08:54 - POST Route: app_product_new
POST Data: Array
(
    [product] => Array
        (
            [name] => 
            [description] => 
            [price] => 
            [category] => 
            [image] => 
            [_token] => 7oTlaZMKEgbtqe9nymknT27P
        )

)

Route attributes: Array
(
)

----------------------------------------
Determining action for route: app_product_new, isAdmin: YES
Determining target for route: app_product_new, id: null
Creating log - Action: ADMIN_CREATES_RECORD Target: Admin created product:  (Price: $)
✅ Log saved successfully: ADMIN_CREATES_RECORD
2026-03-29 07:10:51 - POST Route: app_product_delete
POST Data: Array
(
    [_token] => 99.gdGNVo2uLYsiC5uRkTflluQwlfukktXdlpTATKYQp64.zpfJPb7hS85kMv3b5A6kr7Jz75LH2ri3_cy6GOJ0xtrqiLUZ69gf52Zv7A
)

Route attributes: Array
(
    [id] => 52
)

----------------------------------------
Delete route detected: app_product_delete - Monitored: YES
Determining action for route: app_product_delete, isAdmin: YES
Determining target for route: app_product_delete, id: 52
Creating log - Action: ADMIN_DELETES_RECORD Target: Admin deleted product (ID: 52)
✅ Log saved successfully: ADMIN_DELETES_RECORD
2026-03-29 07:11:55 - POST Route: app_product_new
POST Data: Array
(
    [product] => Array
        (
            [name] => Frying Pan
            [description] => 
            [price] => 4000.00
            [category] => 
            [image] => https://plus.unsplash.com/premium_photo-1718043036199-d98bef36af46?w=600&auto=format&fit=crop&q=60&ixlib=rb-4.1.0&ixid=M3wxMjA3fDB8MHxzZWFyY2h8MXx8YmxlbmRlcnxlbnwwfHwwfHx8MA%3D%3D
            [_token] => OV4tCO80Yd8hdmFFZ5qt7Htk
        )

)

Route attributes: Array
(
)

----------------------------------------
Determining action for route: app_product_new, isAdmin: YES
Determining target for route: app_product_new, id: null
Creating log - Action: ADMIN_CREATES_RECORD Target: Admin created product: Frying Pan (Price: $4000.00)
✅ Log saved successfully: ADMIN_CREATES_RECORD
2026-03-29 07:12:03 - POST Route: app_product_new
POST Data: Array
(
    [product] => Array
        (
            [name] => Frying Pan
            [description] => 
            [price] => 4000.00
            [category] => 
            [image] => https://plus.unsplash.com/premium_photo-1718043036199-d98bef36af46?w=600&auto=format&fit=crop&q=60&ixlib=rb-4.1.0&ixid=M3wxMjA3fDB8MHxzZWFyY2h8MXx8YmxlbmRlcnxlbnwwfHwwfHx8MA%3D%3D
            [_token] => OV4tCO80Yd8hdmFFZ5qt7Htk
        )

)

Route attributes: Array
(
)

----------------------------------------
Determining action for route: app_product_new, isAdmin: YES
Determining target for route: app_product_new, id: null
Creating log - Action: ADMIN_CREATES_RECORD Target: Admin created product: Frying Pan (Price: $4000.00)
✅ Log saved successfully: ADMIN_CREATES_RECORD
2026-03-29 07:15:09 - POST Route: app_product_delete
POST Data: Array
(
    [_token] => e129577a.hyJC72dlxkyqExKXAfW2MzPj3SlrUNIGEV1C-qAncII.2Gl7misPjj7mK3TbbZjmcEbTul4bY4tWYhsoiepCCsv2TCuVMhOrD-ZMWw
)

Route attributes: Array
(
    [id] => 43
)

----------------------------------------
Delete route detected: app_product_delete - Monitored: YES
Determining action for route: app_product_delete, isAdmin: YES
Determining target for route: app_product_delete, id: 43
Creating log - Action: ADMIN_DELETES_RECORD Target: Admin deleted product (ID: 43)
✅ Log saved successfully: ADMIN_DELETES_RECORD
2026-03-29 07:15:35 - POST Route: app_product_edit
POST Data: Array
(
    [product] => Array
        (
            [name] => Christmas Ball
            [description] => Perfect decoration for christmas
            [price] => 100.00
            [category] => 8
            [image] => https://images.unsplash.com/photo-1608376283895-6e6e63f6b46d?w=600&auto=format&fit=crop&q=60&ixlib=rb-4.1.0&ixid=M3wxMjA3fDB8MHxzZWFyY2h8NHx8Q2hyaXNtYXMlMjBiYWxsfGVufDB8fDB8fHww
            [_token] => C3tO+jYvEg7Txy4QURD81X9d
        )

)

Route attributes: Array
(
    [id] => 40
)

----------------------------------------
Determining action for route: app_product_edit, isAdmin: YES
Determining target for route: app_product_edit, id: 40
Creating log - Action: ADMIN_UPDATES_RECORD Target: Admin edited product: Christmas Ball (Price: $100.00)
✅ Log saved successfully: ADMIN_UPDATES_RECORD
2026-03-29 07:16:12 - POST Route: app_product_new
POST Data: Array
(
    [product] => Array
        (
            [name] => 
            [description] => 
            [price] => 
            [category] => 
            [image] => 
            [_token] => lJasvdkiyxD6C38llVw+8URL
        )

)

Route attributes: Array
(
)

----------------------------------------
Determining action for route: app_product_new, isAdmin: YES
Determining target for route: app_product_new, id: null
Creating log - Action: ADMIN_CREATES_RECORD Target: Admin created product:  (Price: $)
✅ Log saved successfully: ADMIN_CREATES_RECORD
2026-03-29 07:18:32 - POST Route: app_product_delete
POST Data: Array
(
    [_token] => 777b9da38f5d4839f88be199a0.OYJ37F4RdRpoRBjRMQ6XWUFSKvgNuuk2OqmQ8BUoj6A.C-Em2hplQ2IDDSuSAHTOPwkcWM9f8LEbQ8jygXNi-st-5TuLJCkiKhw0ew
)

Route attributes: Array
(
    [id] => 8
)

----------------------------------------
Delete route detected: app_product_delete - Monitored: YES
Determining action for route: app_product_delete, isAdmin: YES
Determining target for route: app_product_delete, id: 8
Creating log - Action: ADMIN_DELETES_RECORD Target: Admin deleted product (ID: 8)
✅ Log saved successfully: ADMIN_DELETES_RECORD
2026-03-29 07:18:56 - POST Route: app_product_delete
POST Data: Array
(
    [_token] => 95a0160449548d.7Q-VtBc40nNGgV4PGEfvyFuGt695T5HNwbRXq5Zb4D8.pWzA3yJ9jUYI0HM2WRHXmgvw4cArHMC7suMV9PAvpn7fSdbtTW-BODD4NQ
)

Route attributes: Array
(
    [id] => 28
)

----------------------------------------
Delete route detected: app_product_delete - Monitored: YES
Determining action for route: app_product_delete, isAdmin: YES
Determining target for route: app_product_delete, id: 28
Creating log - Action: ADMIN_DELETES_RECORD Target: Admin deleted product (ID: 28)
✅ Log saved successfully: ADMIN_DELETES_RECORD
2026-03-29 07:31:55 - POST Route: app_product_edit
POST Data: Array
(
    [product] => Array
        (
            [name] => Christmas Ball
            [description] => Perfect decoration for christmas
            [price] => 400.00
            [category] => 8
            [image] => https://images.unsplash.com/photo-1608376283895-6e6e63f6b46d?w=600&auto=format&fit=crop&q=60&ixlib=rb-4.1.0&ixid=M3wxMjA3fDB8MHxzZWFyY2h8NHx8Q2hyaXNtYXMlMjBiYWxsfGVufDB8fDB8fHww
            [_token] => v7qvilldu8BFYlMOrxV8mqcs
        )

)

Route attributes: Array
(
    [id] => 40
)

----------------------------------------
Determining action for route: app_product_edit, isAdmin: YES
Determining target for route: app_product_edit, id: 40
Creating log - Action: ADMIN_UPDATES_RECORD Target: Admin edited product: Christmas Ball (Price: $400.00)
✅ Log saved successfully: ADMIN_UPDATES_RECORD
2026-03-29 07:32:36 - POST Route: app_product_edit
POST Data: Array
(
    [product] => Array
        (
            [name] => Christmas Ball
            [description] => Perfect decoration for christmas
            [price] => 400.00
            [category] => 8
            [image] => https://images.unsplash.com/photo-1608376283895-6e6e63f6b46d?w=600&auto=format&fit=crop&q=60&ixlib=rb-4.1.0&ixid=M3wxMjA3fDB8MHxzZWFyY2h8NHx8Q2hyaXNtYXMlMjBiYWxsfGVufDB8fDB8fHww
            [_token] => R8yhmrbtOZofELuVYKR5uQD5
        )

)

Route attributes: Array
(
    [id] => 40
)

----------------------------------------
Determining action for route: app_product_edit, isAdmin: YES
Determining target for route: app_product_edit, id: 40
Creating log - Action: ADMIN_UPDATES_RECORD Target: Admin edited product: Christmas Ball (Price: $400.00)
✅ Log saved successfully: ADMIN_UPDATES_RECORD
2026-03-29 07:34:17 - POST Route: app_product_edit
POST Data: Array
(
    [product] => Array
        (
            [name] => Christmas Ball
            [description] => Perfect decoration for christmas
            [price] => 300.00
            [category] => 8
            [image] => https://images.unsplash.com/photo-1608376283895-6e6e63f6b46d?w=600&auto=format&fit=crop&q=60&ixlib=rb-4.1.0&ixid=M3wxMjA3fDB8MHxzZWFyY2h8NHx8Q2hyaXNtYXMlMjBiYWxsfGVufDB8fDB8fHww
            [_token] => fifQiFG0axntHUwWl76fDUTB
        )

)

Route attributes: Array
(
    [id] => 40
)

----------------------------------------
Determining action for route: app_product_edit, isAdmin: YES
Determining target for route: app_product_edit, id: 40
Creating log - Action: ADMIN_UPDATES_RECORD Target: Admin edited product: Christmas Ball (Price: $300.00)
✅ Log saved successfully: ADMIN_UPDATES_RECORD
2026-03-29 07:36:01 - POST Route: app_dashboardupload_profile_picture
POST Data: Array
(
)

Route attributes: Array
(
)

----------------------------------------
2026-03-29 07:36:56 - POST Route: app_product_edit
POST Data: Array
(
    [product] => Array
        (
            [name] => Christmas Ball
            [description] => Perfect decoration for christmas
            [price] => 800.00
            [category] => 8
            [image] => https://images.unsplash.com/photo-1608376283895-6e6e63f6b46d?w=600&auto=format&fit=crop&q=60&ixlib=rb-4.1.0&ixid=M3wxMjA3fDB8MHxzZWFyY2h8NHx8Q2hyaXNtYXMlMjBiYWxsfGVufDB8fDB8fHww
            [_token] => 9h4CMzzuM3umetccYw0IqhMh
        )

)

Route attributes: Array
(
    [id] => 40
)

----------------------------------------
Determining action for route: app_product_edit, isAdmin: YES
Determining target for route: app_product_edit, id: 40
Creating log - Action: ADMIN_UPDATES_RECORD Target: Admin edited product: Christmas Ball (Price: $800.00)
✅ Log saved successfully: ADMIN_UPDATES_RECORD
2026-03-29 07:40:19 - POST Route: app_product_edit
POST Data: Array
(
    [product] => Array
        (
            [name] => Christmas Ball
            [description] => Perfect decoration for christmas
            [price] => 300.00
            [category] => 8
            [image] => https://images.unsplash.com/photo-1608376283895-6e6e63f6b46d?w=600&auto=format&fit=crop&q=60&ixlib=rb-4.1.0&ixid=M3wxMjA3fDB8MHxzZWFyY2h8NHx8Q2hyaXNtYXMlMjBiYWxsfGVufDB8fDB8fHww
            [_token] => TknbBSP02hnSr5ov7VucpLPK
        )

)

Route attributes: Array
(
    [id] => 40
)

----------------------------------------
Determining action for route: app_product_edit, isAdmin: YES
Determining target for route: app_product_edit, id: 40
Creating log - Action: ADMIN_UPDATES_RECORD Target: Admin edited product: Christmas Ball (Price: $300.00)
✅ Log saved successfully: ADMIN_UPDATES_RECORD
2026-03-29 07:41:17 - POST Route: app_product_edit
POST Data: Array
(
    [product] => Array
        (
            [name] => Christmas Ball
            [description] => Perfect decoration for christmas
            [price] => 700.00
            [category] => 8
            [image] => https://images.unsplash.com/photo-1608376283895-6e6e63f6b46d?w=600&auto=format&fit=crop&q=60&ixlib=rb-4.1.0&ixid=M3wxMjA3fDB8MHxzZWFyY2h8NHx8Q2hyaXNtYXMlMjBiYWxsfGVufDB8fDB8fHww
            [_token] => DbByTO6wVvyv/hbs2XaxLcDS
        )

)

Route attributes: Array
(
    [id] => 40
)

----------------------------------------
Determining action for route: app_product_edit, isAdmin: YES
Determining target for route: app_product_edit, id: 40
Creating log - Action: ADMIN_UPDATES_RECORD Target: Admin edited product: Christmas Ball (Price: $700.00)
✅ Log saved successfully: ADMIN_UPDATES_RECORD
2026-03-29 07:52:04 - POST Route: app_product_edit
POST Data: Array
(
    [product] => Array
        (
            [name] => Christmas Ball
            [description] => Perfect decoration for christmas
            [price] => 200.00
            [category] => 8
            [image] => https://images.unsplash.com/photo-1608376283895-6e6e63f6b46d?w=600&auto=format&fit=crop&q=60&ixlib=rb-4.1.0&ixid=M3wxMjA3fDB8MHxzZWFyY2h8NHx8Q2hyaXNtYXMlMjBiYWxsfGVufDB8fDB8fHww
            [_token] => Zqs9G6W5tisfyAv2NlvQWFUA
        )

)

Route attributes: Array
(
    [id] => 40
)

----------------------------------------
Determining action for route: app_product_edit, isAdmin: YES
Determining target for route: app_product_edit, id: 40
Creating log - Action: ADMIN_UPDATES_RECORD Target: Admin edited product: Christmas Ball (Price: $200.00)
✅ Log saved successfully: ADMIN_UPDATES_RECORD
2026-03-29 07:57:06 - POST Route: app_product_new
POST Data: Array
(
    [product] => Array
        (
            [name] => Frying Pan
            [description] => use for fring
            [price] => 
            [category] => 
            [image] => https://images.unsplash.com/photo-1608376283895-6e6e63f6b46d?w=600&auto=format&fit=crop&q=60&ixlib=rb-4.1.0&ixid=M3wxMjA3fDB8MHxzZWFyY2h8NHx8Q2hyaXNtYXMlMjBiYWxsfGVufDB8fDB8fHww
            [_token] => YjZlk+0GE3/xwr0041aoRKqQ
        )

)

Route attributes: Array
(
)

----------------------------------------
Determining action for route: app_product_new, isAdmin: YES
Determining target for route: app_product_new, id: null
Creating log - Action: ADMIN_CREATES_RECORD Target: Admin created product: Frying Pan (Price: $)
✅ Log saved successfully: ADMIN_CREATES_RECORD
2026-03-29 07:57:33 - POST Route: app_product_new
POST Data: Array
(
    [product] => Array
        (
            [name] => Frying Pan
            [description] => use for fring
            [price] => 200
            [category] => 
            [image] => https://images.unsplash.com/photo-1608376283895-6e6e63f6b46d?w=600&auto=format&fit=crop&q=60&ixlib=rb-4.1.0&ixid=M3wxMjA3fDB8MHxzZWFyY2h8NHx8Q2hyaXNtYXMlMjBiYWxsfGVufDB8fDB8fHww
            [_token] => YjZlk+0GE3/xwr0041aoRKqQ
        )

)

Route attributes: Array
(
)

----------------------------------------
Determining action for route: app_product_new, isAdmin: YES
Determining target for route: app_product_new, id: null
Creating log - Action: ADMIN_CREATES_RECORD Target: Admin created product: Frying Pan (Price: $200)
✅ Log saved successfully: ADMIN_CREATES_RECORD
2026-03-29 07:57:37 - POST Route: app_product_new
POST Data: Array
(
    [product] => Array
        (
            [name] => Frying Pan
            [description] => use for fring
            [price] => 200
            [category] => 
            [image] => https://images.unsplash.com/photo-1608376283895-6e6e63f6b46d?w=600&auto=format&fit=crop&q=60&ixlib=rb-4.1.0&ixid=M3wxMjA3fDB8MHxzZWFyY2h8NHx8Q2hyaXNtYXMlMjBiYWxsfGVufDB8fDB8fHww
            [_token] => YjZlk+0GE3/xwr0041aoRKqQ
        )

)

Route attributes: Array
(
)

----------------------------------------
Determining action for route: app_product_new, isAdmin: YES
Determining target for route: app_product_new, id: null
Creating log - Action: ADMIN_CREATES_RECORD Target: Admin created product: Frying Pan (Price: $200)
✅ Log saved successfully: ADMIN_CREATES_RECORD
2026-03-29 07:57:47 - POST Route: app_product_new
POST Data: Array
(
    [product] => Array
        (
            [name] => Frying Pan
            [description] => use for fring
            [price] => 200
            [category] => 6
            [image] => https://images.unsplash.com/photo-1608376283895-6e6e63f6b46d?w=600&auto=format&fit=crop&q=60&ixlib=rb-4.1.0&ixid=M3wxMjA3fDB8MHxzZWFyY2h8NHx8Q2hyaXNtYXMlMjBiYWxsfGVufDB8fDB8fHww
            [_token] => YjZlk+0GE3/xwr0041aoRKqQ
        )

)

Route attributes: Array
(
)

----------------------------------------
Determining action for route: app_product_new, isAdmin: YES
Determining target for route: app_product_new, id: null
Creating log - Action: ADMIN_CREATES_RECORD Target: Admin created product: Frying Pan (Price: $200)
✅ Log saved successfully: ADMIN_CREATES_RECORD
2026-03-29 07:57:59 - POST Route: app_product_edit
POST Data: Array
(
    [product] => Array
        (
            [name] => Queen Bed
            [description] => A queen bed that is very light and smooth expensive
            [price] => 4500.00
            [category] => 4
            [image] => https://images.unsplash.com/photo-1505693416388-ac5ce068fe85?w=600&auto=format&fit=crop&q=60&ixlib=rb-4.1.0&ixid=M3wxMjA3fDB8MHxzZWFyY2h8M3x8QmVkfGVufDB8fDB8fHww
            [_token] => eMyCIclky7oasQwUKL7Prmfj
        )

)

Route attributes: Array
(
    [id] => 3
)

----------------------------------------
Determining action for route: app_product_edit, isAdmin: YES
Determining target for route: app_product_edit, id: 3
Creating log - Action: ADMIN_UPDATES_RECORD Target: Admin edited product: Queen Bed (Price: $4500.00)
✅ Log saved successfully: ADMIN_UPDATES_RECORD
2026-03-29 08:06:58 - POST Route: app_product_edit
POST Data: Array
(
    [product] => Array
        (
            [name] => Frying Pan
            [description] => use for fring
            [price] => 400.00
            [category] => 6
            [image] => https://images.unsplash.com/photo-1608376283895-6e6e63f6b46d?w=600&auto=format&fit=crop&q=60&ixlib=rb-4.1.0&ixid=M3wxMjA3fDB8MHxzZWFyY2h8NHx8Q2hyaXNtYXMlMjBiYWxsfGVufDB8fDB8fHww
            [_token] => Wl7GqWazgSfqkPw88k8eUDdw
        )

)

Route attributes: Array
(
    [id] => 53
)

----------------------------------------
Determining action for route: app_product_edit, isAdmin: YES
Determining target for route: app_product_edit, id: 53
Creating log - Action: ADMIN_UPDATES_RECORD Target: Admin edited product: Frying Pan (Price: $400.00)
✅ Log saved successfully: ADMIN_UPDATES_RECORD
2026-03-29 08:16:05 - POST Route: app_product_edit
POST Data: Array
(
    [product] => Array
        (
            [name] => Frying Pan
            [description] => use for frying
            [price] => 400.00
            [category] => 6
            [image] => https://images.unsplash.com/photo-1608376283895-6e6e63f6b46d?w=600&auto=format&fit=crop&q=60&ixlib=rb-4.1.0&ixid=M3wxMjA3fDB8MHxzZWFyY2h8NHx8Q2hyaXNtYXMlMjBiYWxsfGVufDB8fDB8fHww
            [_token] => o8RcgdfiOY9lqDrTDaBtgROL
        )

)

Route attributes: Array
(
    [id] => 53
)

----------------------------------------
Determining action for route: app_product_edit, isAdmin: YES
Determining target for route: app_product_edit, id: 53
Creating log - Action: ADMIN_UPDATES_RECORD Target: Admin edited product: Frying Pan (Price: $400.00)
✅ Log saved successfully: ADMIN_UPDATES_RECORD
2026-03-29 08:16:37 - POST Route: app_dashboardupload_profile_picture
POST Data: Array
(
)

Route attributes: Array
(
)

----------------------------------------
2026-03-29 08:21:13 - POST Route: app_product_edit
POST Data: Array
(
    [product] => Array
        (
            [name] => Frying Pan
            [description] => use for frying
            [price] => 700.00
            [category] => 6
            [image] => https://images.unsplash.com/photo-1608376283895-6e6e63f6b46d?w=600&auto=format&fit=crop&q=60&ixlib=rb-4.1.0&ixid=M3wxMjA3fDB8MHxzZWFyY2h8NHx8Q2hyaXNtYXMlMjBiYWxsfGVufDB8fDB8fHww
            [_token] => 8KQQgh81L/tmYfjTLGBJDEDS
        )

)

Route attributes: Array
(
    [id] => 53
)

----------------------------------------
Determining action for route: app_product_edit, isAdmin: YES
Determining target for route: app_product_edit, id: 53
Creating log - Action: ADMIN_UPDATES_RECORD Target: Admin edited product: Frying Pan (Price: $700.00)
✅ Log saved successfully: ADMIN_UPDATES_RECORD
2026-03-29 08:23:18 - POST Route: app_product_edit
POST Data: Array
(
    [product] => Array
        (
            [name] => Frying Pan
            [description] => use for frying
            [price] => 300.00
            [category] => 6
            [image] => https://images.unsplash.com/photo-1608376283895-6e6e63f6b46d?w=600&auto=format&fit=crop&q=60&ixlib=rb-4.1.0&ixid=M3wxMjA3fDB8MHxzZWFyY2h8NHx8Q2hyaXNtYXMlMjBiYWxsfGVufDB8fDB8fHww
            [_token] => NUsmR76tHHMTHDp2rEBLkqFV
        )

)

Route attributes: Array
(
    [id] => 53
)

----------------------------------------
Determining action for route: app_product_edit, isAdmin: YES
Determining target for route: app_product_edit, id: 53
Creating log - Action: ADMIN_UPDATES_RECORD Target: Admin edited product: Frying Pan (Price: $300.00)
✅ Log saved successfully: ADMIN_UPDATES_RECORD
2026-03-29 08:24:48 - POST Route: app_dashboardupload_profile_picture
POST Data: Array
(
)

Route attributes: Array
(
)

----------------------------------------
2026-03-29 08:30:05 - POST Route: app_product_edit
POST Data: Array
(
    [product] => Array
        (
            [name] => Frying Pan
            [description] => use for frying
            [price] => 800.00
            [category] => 6
            [image] => https://images.unsplash.com/photo-1608376283895-6e6e63f6b46d?w=600&auto=format&fit=crop&q=60&ixlib=rb-4.1.0&ixid=M3wxMjA3fDB8MHxzZWFyY2h8NHx8Q2hyaXNtYXMlMjBiYWxsfGVufDB8fDB8fHww
            [_token] => F7HgPjAwuimxLNLB8t5dS4L9
        )

)

Route attributes: Array
(
    [id] => 53
)

----------------------------------------
Determining action for route: app_product_edit, isAdmin: YES
Determining target for route: app_product_edit, id: 53
Creating log - Action: ADMIN_UPDATES_RECORD Target: Admin edited product: Frying Pan (Price: $800.00)
✅ Log saved successfully: ADMIN_UPDATES_RECORD
2026-03-29 08:35:09 - POST Route: app_dashboardupload_profile_picture
POST Data: Array
(
)

Route attributes: Array
(
)

----------------------------------------
2026-03-29 08:37:54 - POST Route: app_product_edit
POST Data: Array
(
    [product] => Array
        (
            [name] => Frying Pan
            [description] => use for frying
            [price] => 800.00
            [category] => 6
            [image] => https://images.unsplash.com/photo-1608376283895-6e6e63f6b46d?w=600&auto=format&fit=crop&q=60&ixlib=rb-4.1.0&ixid=M3wxMjA3fDB8MHxzZWFyY2h8NHx8Q2hyaXNtYXMlMjBiYWxsfGVufDB8fDB8fHww
            [_token] => ft+M+iO2HkYSAsnmaMTn0CAw
        )

)

Route attributes: Array
(
    [id] => 53
)

----------------------------------------
Determining action for route: app_product_edit, isAdmin: YES
Determining target for route: app_product_edit, id: 53
Creating log - Action: ADMIN_UPDATES_RECORD Target: Admin edited product: Frying Pan (Price: $800.00)
✅ Log saved successfully: ADMIN_UPDATES_RECORD
2026-03-29 08:42:41 - POST Route: app_product_edit
POST Data: Array
(
    [product] => Array
        (
            [name] => Frying Pan
            [description] => use for frying
            [price] => 800.00
            [category] => 6
            [image] => https://images.unsplash.com/photo-1608376283895-6e6e63f6b46d?w=600&auto=format&fit=crop&q=60&ixlib=rb-4.1.0&ixid=M3wxMjA3fDB8MHxzZWFyY2h8NHx8Q2hyaXNtYXMlMjBiYWxsfGVufDB8fDB8fHww
            [_token] => l18gk7YdqMWQicXCTMYlk2qq
        )

)

Route attributes: Array
(
    [id] => 53
)

----------------------------------------
Determining action for route: app_product_edit, isAdmin: YES
Determining target for route: app_product_edit, id: 53
Creating log - Action: ADMIN_UPDATES_RECORD Target: Admin edited product: Frying Pan (Price: $800.00)
✅ Log saved successfully: ADMIN_UPDATES_RECORD
2026-03-29 08:43:08 - POST Route: app_product_edit
POST Data: Array
(
    [product] => Array
        (
            [name] => Frying Pan
            [description] => use for frying
            [price] => 100.00
            [category] => 6
            [image] => https://images.unsplash.com/photo-1608376283895-6e6e63f6b46d?w=600&auto=format&fit=crop&q=60&ixlib=rb-4.1.0&ixid=M3wxMjA3fDB8MHxzZWFyY2h8NHx8Q2hyaXNtYXMlMjBiYWxsfGVufDB8fDB8fHww
            [_token] => utJXL6+VHqZHpPkcTg32RoUp
        )

)

Route attributes: Array
(
    [id] => 53
)

----------------------------------------
Determining action for route: app_product_edit, isAdmin: YES
Determining target for route: app_product_edit, id: 53
Creating log - Action: ADMIN_UPDATES_RECORD Target: Admin edited product: Frying Pan (Price: $100.00)
✅ Log saved successfully: ADMIN_UPDATES_RECORD
2026-03-29 08:44:32 - POST Route: app_product_edit
POST Data: Array
(
    [product] => Array
        (
            [name] => Frying Pan
            [description] => use for prying
            [price] => 100.00
            [category] => 6
            [image] => https://images.unsplash.com/photo-1608376283895-6e6e63f6b46d?w=600&auto=format&fit=crop&q=60&ixlib=rb-4.1.0&ixid=M3wxMjA3fDB8MHxzZWFyY2h8NHx8Q2hyaXNtYXMlMjBiYWxsfGVufDB8fDB8fHww
            [_token] => JpfC/nfEJ1cnXd8uQFkRwLTa
        )

)

Route attributes: Array
(
    [id] => 53
)

----------------------------------------
Determining action for route: app_product_edit, isAdmin: YES
Determining target for route: app_product_edit, id: 53
Creating log - Action: ADMIN_UPDATES_RECORD Target: Admin edited product: Frying Pan (Price: $100.00)
✅ Log saved successfully: ADMIN_UPDATES_RECORD
2026-03-29 08:45:10 - POST Route: app_product_new
POST Data: Array
(
    [product] => Array
        (
            [name] => 
            [description] => 
            [price] => 
            [category] => 
            [image] => 
            [_token] => hCZJGZ7nrR0RE9oX9heLTLg1
        )

)

Route attributes: Array
(
)

----------------------------------------
Determining action for route: app_product_new, isAdmin: YES
Determining target for route: app_product_new, id: null
Creating log - Action: ADMIN_CREATES_RECORD Target: Admin created product:  (Price: $)
✅ Log saved successfully: ADMIN_CREATES_RECORD
2026-03-29 08:46:13 - POST Route: app_product_edit
POST Data: Array
(
    [product] => Array
        (
            [name] => Frying Pan
            [description] => use for prying
            [price] => 700.00
            [category] => 6
            [image] => https://images.unsplash.com/photo-1608376283895-6e6e63f6b46d?w=600&auto=format&fit=crop&q=60&ixlib=rb-4.1.0&ixid=M3wxMjA3fDB8MHxzZWFyY2h8NHx8Q2hyaXNtYXMlMjBiYWxsfGVufDB8fDB8fHww
            [_token] => 3HzQOzZFss3q5ZfE8pB2o1LQ
        )

)

Route attributes: Array
(
    [id] => 53
)

----------------------------------------
Determining action for route: app_product_edit, isAdmin: YES
Determining target for route: app_product_edit, id: 53
Creating log - Action: ADMIN_UPDATES_RECORD Target: Admin edited product: Frying Pan (Price: $700.00)
✅ Log saved successfully: ADMIN_UPDATES_RECORD
2026-03-29 08:54:07 - POST Route: app_product_edit
POST Data: Array
(
    [product] => Array
        (
            [name] => Frying Pan
            [description] => use for prying
            [price] => 300.00
            [category] => 6
            [image] => https://images.unsplash.com/photo-1608376283895-6e6e63f6b46d?w=600&auto=format&fit=crop&q=60&ixlib=rb-4.1.0&ixid=M3wxMjA3fDB8MHxzZWFyY2h8NHx8Q2hyaXNtYXMlMjBiYWxsfGVufDB8fDB8fHww
            [_token] => /19twsCqx5zhH1yUdbbVHcUy
        )

)

Route attributes: Array
(
    [id] => 53
)

----------------------------------------
Determining action for route: app_product_edit, isAdmin: YES
Determining target for route: app_product_edit, id: 53
Creating log - Action: ADMIN_UPDATES_RECORD Target: Admin edited product: Frying Pan (Price: $300.00)
✅ Log saved successfully: ADMIN_UPDATES_RECORD
2026-03-29 08:54:28 - POST Route: app_product_edit
POST Data: Array
(
    [product] => Array
        (
            [name] => Frying Pan
            [description] => use for prying
            [price] => 900.00
            [category] => 6
            [image] => https://images.unsplash.com/photo-1608376283895-6e6e63f6b46d?w=600&auto=format&fit=crop&q=60&ixlib=rb-4.1.0&ixid=M3wxMjA3fDB8MHxzZWFyY2h8NHx8Q2hyaXNtYXMlMjBiYWxsfGVufDB8fDB8fHww
            [_token] => 6BgQiOQmh/UJgDpqoJMo/tWm
        )

)

Route attributes: Array
(
    [id] => 53
)

----------------------------------------
Determining action for route: app_product_edit, isAdmin: YES
Determining target for route: app_product_edit, id: 53
Creating log - Action: ADMIN_UPDATES_RECORD Target: Admin edited product: Frying Pan (Price: $900.00)
✅ Log saved successfully: ADMIN_UPDATES_RECORD
2026-03-29 08:54:44 - POST Route: app_product_edit
POST Data: Array
(
    [product] => Array
        (
            [name] => Frying Pan
            [description] => use for prying
            [price] => 200.00
            [category] => 6
            [image] => https://images.unsplash.com/photo-1608376283895-6e6e63f6b46d?w=600&auto=format&fit=crop&q=60&ixlib=rb-4.1.0&ixid=M3wxMjA3fDB8MHxzZWFyY2h8NHx8Q2hyaXNtYXMlMjBiYWxsfGVufDB8fDB8fHww
            [_token] => xPDrnvJSVo1P6g68Yd5PlgHy
        )

)

Route attributes: Array
(
    [id] => 53
)

----------------------------------------
Determining action for route: app_product_edit, isAdmin: YES
Determining target for route: app_product_edit, id: 53
Creating log - Action: ADMIN_UPDATES_RECORD Target: Admin edited product: Frying Pan (Price: $200.00)
✅ Log saved successfully: ADMIN_UPDATES_RECORD
2026-03-29 08:54:44 - POST Route: app_product_edit
POST Data: Array
(
    [product] => Array
        (
            [name] => Frying Pan
            [description] => use for prying
            [price] => 200.00
            [category] => 6
            [image] => https://images.unsplash.com/photo-1608376283895-6e6e63f6b46d?w=600&auto=format&fit=crop&q=60&ixlib=rb-4.1.0&ixid=M3wxMjA3fDB8MHxzZWFyY2h8NHx8Q2hyaXNtYXMlMjBiYWxsfGVufDB8fDB8fHww
            [_token] => xPDrnvJSVo1P6g68Yd5PlgHy
        )

)

Route attributes: Array
(
    [id] => 53
)

----------------------------------------
Determining action for route: app_product_edit, isAdmin: YES
Determining target for route: app_product_edit, id: 53
Creating log - Action: ADMIN_UPDATES_RECORD Target: Admin edited product: Frying Pan (Price: $200.00)
✅ Log saved successfully: ADMIN_UPDATES_RECORD
2026-03-29 08:57:56 - POST Route: app_product_edit
POST Data: Array
(
    [product] => Array
        (
            [name] => Frying Pan
            [description] => use for prying
            [price] => 900.00
            [category] => 6
            [image] => https://images.unsplash.com/photo-1608376283895-6e6e63f6b46d?w=600&auto=format&fit=crop&q=60&ixlib=rb-4.1.0&ixid=M3wxMjA3fDB8MHxzZWFyY2h8NHx8Q2hyaXNtYXMlMjBiYWxsfGVufDB8fDB8fHww
            [_token] => iA0TDJ+z1cFVKxUeOACsjlgu
        )

)

Route attributes: Array
(
    [id] => 53
)

----------------------------------------
Determining action for route: app_product_edit, isAdmin: YES
Determining target for route: app_product_edit, id: 53
Creating log - Action: ADMIN_UPDATES_RECORD Target: Admin edited product: Frying Pan (Price: $900.00)
✅ Log saved successfully: ADMIN_UPDATES_RECORD
2026-03-29 09:07:41 - POST Route: app_product_edit
POST Data: Array
(
    [product] => Array
        (
            [name] => Frying Pan
            [description] => use for prying
            [price] => 20.00
            [category] => 6
            [image] => https://images.unsplash.com/photo-1608376283895-6e6e63f6b46d?w=600&auto=format&fit=crop&q=60&ixlib=rb-4.1.0&ixid=M3wxMjA3fDB8MHxzZWFyY2h8NHx8Q2hyaXNtYXMlMjBiYWxsfGVufDB8fDB8fHww
            [_token] => QSp61Un/mUMFZyYuf3jDKbfi
        )

)

Route attributes: Array
(
    [id] => 53
)

----------------------------------------
Determining action for route: app_product_edit, isAdmin: YES
Determining target for route: app_product_edit, id: 53
Creating log - Action: ADMIN_UPDATES_RECORD Target: Admin edited product: Frying Pan (Price: $20.00)
✅ Log saved successfully: ADMIN_UPDATES_RECORD
2026-03-29 09:07:53 - POST Route: app_product_delete
POST Data: Array
(
    [_token] => dc3f0efcb899fb91bbd9c86a6362f.PBEPgKZmw_fS6yRlrjonjqaMtg5wqaeDarHFktwjDJ0.dyNi4pQ3u56KhnsinkxL5eTP-F5J25TtIOW9pbNpQuhzcH_zkCiunbu7cQ
)

Route attributes: Array
(
    [id] => 53
)

----------------------------------------
Delete route detected: app_product_delete - Monitored: YES
Determining action for route: app_product_delete, isAdmin: YES
Determining target for route: app_product_delete, id: 53
Creating log - Action: ADMIN_DELETES_RECORD Target: Admin deleted product (ID: 53)
✅ Log saved successfully: ADMIN_DELETES_RECORD
2026-03-29 09:08:05 - POST Route: app_product_edit
POST Data: Array
(
    [product] => Array
        (
            [name] => Christmas Ball
            [description] => Perfect decoration for christmas
            [price] => 800.00
            [category] => 8
            [image] => https://images.unsplash.com/photo-1608376283895-6e6e63f6b46d?w=600&auto=format&fit=crop&q=60&ixlib=rb-4.1.0&ixid=M3wxMjA3fDB8MHxzZWFyY2h8NHx8Q2hyaXNtYXMlMjBiYWxsfGVufDB8fDB8fHww
            [_token] => gjAOi6i5BByJ70cs6szgvQ4B
        )

)

Route attributes: Array
(
    [id] => 40
)

----------------------------------------
Determining action for route: app_product_edit, isAdmin: YES
Determining target for route: app_product_edit, id: 40
Creating log - Action: ADMIN_UPDATES_RECORD Target: Admin edited product: Christmas Ball (Price: $800.00)
✅ Log saved successfully: ADMIN_UPDATES_RECORD
2026-03-29 09:08:17 - POST Route: app_product_edit
POST Data: Array
(
    [product] => Array
        (
            [name] => Christmas Ball
            [description] => Perfect decoration for christmas
            [price] => 900.00
            [category] => 8
            [image] => https://images.unsplash.com/photo-1608376283895-6e6e63f6b46d?w=600&auto=format&fit=crop&q=60&ixlib=rb-4.1.0&ixid=M3wxMjA3fDB8MHxzZWFyY2h8NHx8Q2hyaXNtYXMlMjBiYWxsfGVufDB8fDB8fHww
            [_token] => AVI/LtnxzZK3V4XCzIbXoQUC
        )

)

Route attributes: Array
(
    [id] => 40
)

----------------------------------------
Determining action for route: app_product_edit, isAdmin: YES
Determining target for route: app_product_edit, id: 40
Creating log - Action: ADMIN_UPDATES_RECORD Target: Admin edited product: Christmas Ball (Price: $900.00)
✅ Log saved successfully: ADMIN_UPDATES_RECORD
2026-03-29 09:08:30 - POST Route: app_product_delete
POST Data: Array
(
    [_token] => b56fde41215a194972ae1acdec38dc2.3qt5fP8kn6NS3iRXoYkODkiSYN1Wq2gmB30bQuE_61Y.iJ0bCqgS2e5js1w45cBvO3nQB7IZhl1qX0p8KYNYgACR2UkRtQnFlBGdEA
)

Route attributes: Array
(
    [id] => 40
)

----------------------------------------
Delete route detected: app_product_delete - Monitored: YES
Determining action for route: app_product_delete, isAdmin: YES
Determining target for route: app_product_delete, id: 40
Creating log - Action: ADMIN_DELETES_RECORD Target: Admin deleted product (ID: 40)
✅ Log saved successfully: ADMIN_DELETES_RECORD
2026-03-29 09:16:10 - POST Route: app_dashboardupload_profile_picture
POST Data: Array
(
)

Route attributes: Array
(
)

----------------------------------------
2026-03-29 09:22:15 - POST Route: app_product_new
POST Data: Array
(
    [product] => Array
        (
            [name] => Frying Pan
            [description] => Use for frying
            [price] => 400.00
            [category] => 6
            [image] => https://images.unsplash.com/photo-1592156328757-ae2941276b2c?w=600&auto=format&fit=crop&q=60&ixlib=rb-4.1.0&ixid=M3wxMjA3fDB8MHxzZWFyY2h8M3x8ZnJ5aW5nJTIwcGFufGVufDB8fDB8fHww
            [_token] => NVnFl95AxbjrYzWWEY+pvMKf
        )

)

Route attributes: Array
(
)

----------------------------------------
Determining action for route: app_product_new, isAdmin: YES
Determining target for route: app_product_new, id: null
Creating log - Action: ADMIN_CREATES_RECORD Target: Admin created product: Frying Pan (Price: $400.00)
✅ Log saved successfully: ADMIN_CREATES_RECORD
2026-03-29 09:22:35 - POST Route: app_product_delete
POST Data: Array
(
    [_token] => bc.4VOiJNnzoKvdxiAL__yoJagKJEpdnLrPFQ0JdI470js.02HsCZi_ksSbinFcrK_3fOtoYiRv_92YI3xhQ-91gHq4atB0iKuWyLqDTw
)

Route attributes: Array
(
    [id] => 54
)

----------------------------------------
Delete route detected: app_product_delete - Monitored: YES
Determining action for route: app_product_delete, isAdmin: YES
Determining target for route: app_product_delete, id: 54
Creating log - Action: ADMIN_DELETES_RECORD Target: Admin deleted product (ID: 54)
✅ Log saved successfully: ADMIN_DELETES_RECORD
2026-03-29 09:22:49 - POST Route: app_product_edit
POST Data: Array
(
    [product] => Array
        (
            [name] => Lamp
            [description] => An expensive lamp
            [price] => 1200.00
            [category] => 2
            [image] => https://images.unsplash.com/photo-1565814329452-e1efa11c5b89?w=600&auto=format&fit=crop&q=60&ixlib=rb-4.1.0&ixid=M3wxMjA3fDB8MHxzZWFyY2h8M3x8bGFtcHxlbnwwfHwwfHx8MA%3D%3D
            [_token] => /QjC1FUd8ALSzKIiRboUMe+8
        )

)

Route attributes: Array
(
    [id] => 39
)

----------------------------------------
Determining action for route: app_product_edit, isAdmin: YES
Determining target for route: app_product_edit, id: 39
Creating log - Action: ADMIN_UPDATES_RECORD Target: Admin edited product: Lamp (Price: $1200.00)
✅ Log saved successfully: ADMIN_UPDATES_RECORD
2026-03-29 09:23:01 - POST Route: app_product_new
POST Data: Array
(
    [product] => Array
        (
            [name] => 
            [description] => 
            [price] => 
            [category] => 
            [image] => 
            [_token] => AbfdMqXibJWVFJcefigu1G0o
        )

)

Route attributes: Array
(
)

----------------------------------------
Determining action for route: app_product_new, isAdmin: YES
Determining target for route: app_product_new, id: null
Creating log - Action: ADMIN_CREATES_RECORD Target: Admin created product:  (Price: $)
✅ Log saved successfully: ADMIN_CREATES_RECORD
2026-03-29 09:23:11 - POST Route: app_product_new
POST Data: Array
(
    [product] => Array
        (
            [name] => Frying Pan
            [description] => 
            [price] => 
            [category] => 
            [image] => 
            [_token] => mgVtA27BbEbg2Yn7+epNq/8c
        )

)

Route attributes: Array
(
)

----------------------------------------
Determining action for route: app_product_new, isAdmin: YES
Determining target for route: app_product_new, id: null
Creating log - Action: ADMIN_CREATES_RECORD Target: Admin created product: Frying Pan (Price: $)
✅ Log saved successfully: ADMIN_CREATES_RECORD
2026-03-29 09:23:11 - POST Route: app_product_new
POST Data: Array
(
    [product] => Array
        (
            [name] => Frying Pan
            [description] => 
            [price] => 
            [category] => 
            [image] => 
            [_token] => mgVtA27BbEbg2Yn7+epNq/8c
        )

)

Route attributes: Array
(
)

----------------------------------------
Determining action for route: app_product_new, isAdmin: YES
Determining target for route: app_product_new, id: null
Creating log - Action: ADMIN_CREATES_RECORD Target: Admin created product: Frying Pan (Price: $)
✅ Log saved successfully: ADMIN_CREATES_RECORD
2026-03-29 09:25:44 - POST Route: app_dashboardupload_profile_picture
POST Data: Array
(
)

Route attributes: Array
(
)

----------------------------------------
2026-03-29 09:25:55 - POST Route: app_product_edit
POST Data: Array
(
    [product] => Array
        (
            [name] => Lamp
            [description] => An expensive lamp
            [price] => 200.00
            [category] => 2
            [image] => https://images.unsplash.com/photo-1565814329452-e1efa11c5b89?w=600&auto=format&fit=crop&q=60&ixlib=rb-4.1.0&ixid=M3wxMjA3fDB8MHxzZWFyY2h8M3x8bGFtcHxlbnwwfHwwfHx8MA%3D%3D
            [_token] => TJIxa5MxG27HZpZOXTBH//75
        )

)

Route attributes: Array
(
    [id] => 39
)

----------------------------------------
Determining action for route: app_product_edit, isAdmin: YES
Determining target for route: app_product_edit, id: 39
Creating log - Action: ADMIN_UPDATES_RECORD Target: Admin edited product: Lamp (Price: $200.00)
✅ Log saved successfully: ADMIN_UPDATES_RECORD
2026-03-29 09:37:18 - POST Route: app_product_new
POST Data: Array
(
    [product] => Array
        (
            [name] => Frying Pan
            [description] => Use for frying
            [price] => 800.00
            [category] => 6
            [image] => https://images.unsplash.com/photo-1592156328697-079f6ee0cfa5?w=600&auto=format&fit=crop&q=60&ixlib=rb-4.1.0&ixid=M3wxMjA3fDB8MHxzZWFyY2h8NHx8ZnJ5aW5nJTIwcGFufGVufDB8fDB8fHww
            [_token] => iZy7w9/6en9u7pPjM5TPYPy3
        )

)

Route attributes: Array
(
)

----------------------------------------
Determining action for route: app_product_new, isAdmin: YES
Determining target for route: app_product_new, id: null
Creating log - Action: ADMIN_CREATES_RECORD Target: Admin created product: Frying Pan (Price: $800.00)
✅ Log saved successfully: ADMIN_CREATES_RECORD
2026-03-29 09:37:35 - POST Route: app_product_edit
POST Data: Array
(
    [product] => Array
        (
            [name] => Frying Pan
            [description] => Use for frying
            [price] => 200.00
            [category] => 6
            [image] => https://images.unsplash.com/photo-1592156328697-079f6ee0cfa5?w=600&auto=format&fit=crop&q=60&ixlib=rb-4.1.0&ixid=M3wxMjA3fDB8MHxzZWFyY2h8NHx8ZnJ5aW5nJTIwcGFufGVufDB8fDB8fHww
            [_token] => B6XI1oeiVLhla+Lfn8Elnife
        )

)

Route attributes: Array
(
    [id] => 55
)

----------------------------------------
Determining action for route: app_product_edit, isAdmin: YES
Determining target for route: app_product_edit, id: 55
Creating log - Action: ADMIN_UPDATES_RECORD Target: Admin edited product: Frying Pan (Price: $200.00)
✅ Log saved successfully: ADMIN_UPDATES_RECORD
2026-03-29 09:37:43 - POST Route: app_product_delete
POST Data: Array
(
    [_token] => c45530.hSTxutG6WZ72-MkiXkMHnE8HKQEse2VCCjRZmq9KcKI.qGyV9YH4L-u9gJFyKy5W2C1yUFRvNTEyYVUGt9o-P9LCbbDM45cA0Ia--Q
)

Route attributes: Array
(
    [id] => 55
)

----------------------------------------
Delete route detected: app_product_delete - Monitored: YES
Determining action for route: app_product_delete, isAdmin: YES
Determining target for route: app_product_delete, id: 55
Creating log - Action: ADMIN_DELETES_RECORD Target: Admin deleted product (ID: 55)
✅ Log saved successfully: ADMIN_DELETES_RECORD
2026-03-29 09:39:40 - POST Route: app_product_new
POST Data: Array
(
    [product] => Array
        (
            [name] => 
            [description] => 
            [price] => 
            [category] => 
            [image] => 
            [_token] => QvyfeiUd0VkvPdwvOBsG5kzV
        )

)

Route attributes: Array
(
)

----------------------------------------
Determining action for route: app_product_new, isAdmin: YES
Determining target for route: app_product_new, id: null
Creating log - Action: ADMIN_CREATES_RECORD Target: Admin created product:  (Price: $)
✅ Log saved successfully: ADMIN_CREATES_RECORD
2026-03-29 10:15:46 - POST Route: app_product_new
POST Data: Array
(
    [product] => Array
        (
            [name] => Frying Pan
            [description] => 77
            [price] => 800.00
            [category] => 2
            [image] => 
            [_token] => lsyExRatf71fWLNYPa+QdZhI
        )

)

Route attributes: Array
(
)

----------------------------------------
Determining action for route: app_product_new, isAdmin: YES
Determining target for route: app_product_new, id: null
Creating log - Action: ADMIN_CREATES_RECORD Target: Admin created product: Frying Pan (Price: $800.00)
✅ Log saved successfully: ADMIN_CREATES_RECORD
2026-03-29 10:15:57 - POST Route: app_product_delete
POST Data: Array
(
    [_token] => 5d40874ab9ee45a2ee.EQltH2HMk5XA5fhyaK7TmUidfvlcU9Yvz_qaUK_31Yw.U2ApcVWd5c2x1Y4tHNeCqHvKHc0maoFd4pmiGvmmof5dcyZnVpT4zauGzA
)

Route attributes: Array
(
    [id] => 56
)

----------------------------------------
Delete route detected: app_product_delete - Monitored: YES
Determining action for route: app_product_delete, isAdmin: YES
Determining target for route: app_product_delete, id: 56
Creating log - Action: ADMIN_DELETES_RECORD Target: Admin deleted product (ID: 56)
✅ Log saved successfully: ADMIN_DELETES_RECORD
2026-03-29 10:17:15 - POST Route: app_product_new
POST Data: Array
(
    [product] => Array
        (
            [name] => Frying Pan
            [description] => 7777
            [price] => wdwaww
            [category] => 6
            [image] => 
            [_token] => ezF/sjFLNB/iBX+urotww5Dr
        )

)

Route attributes: Array
(
)

----------------------------------------
Determining action for route: app_product_new, isAdmin: YES
Determining target for route: app_product_new, id: null
Creating log - Action: ADMIN_CREATES_RECORD Target: Admin created product: Frying Pan (Price: $wdwaww)
✅ Log saved successfully: ADMIN_CREATES_RECORD
2026-03-29 10:17:26 - POST Route: app_product_new
POST Data: Array
(
    [product] => Array
        (
            [name] => Frying Pan
            [description] => 7777
            [price] => wdwaww
            [category] => 6
            [image] => 
            [_token] => 1lL/rQ90He4y3aoRG3xnwq9w
        )

)

Route attributes: Array
(
)

----------------------------------------
Determining action for route: app_product_new, isAdmin: YES
Determining target for route: app_product_new, id: null
Creating log - Action: ADMIN_CREATES_RECORD Target: Admin created product: Frying Pan (Price: $wdwaww)
✅ Log saved successfully: ADMIN_CREATES_RECORD
2026-03-29 10:17:34 - POST Route: app_product_new
POST Data: Array
(
    [product] => Array
        (
            [name] => Frying Pan
            [description] => 7777
            [price] => wdwaww
            [category] => 6
            [image] => 
            [_token] => rwnsAOMR11jd85oZsPz+Czdc
        )

)

Route attributes: Array
(
)

----------------------------------------
Determining action for route: app_product_new, isAdmin: YES
Determining target for route: app_product_new, id: null
Creating log - Action: ADMIN_CREATES_RECORD Target: Admin created product: Frying Pan (Price: $wdwaww)
✅ Log saved successfully: ADMIN_CREATES_RECORD
2026-03-29 10:17:41 - POST Route: app_product_new
POST Data: Array
(
    [product] => Array
        (
            [name] => Frying Pan
            [description] => 7777
            [price] => wdwaww
            [category] => 6
            [image] => 
            [_token] => pQljJ6rtj/oEJd/3HcTVsZz3
        )

)

Route attributes: Array
(
)

----------------------------------------
Determining action for route: app_product_new, isAdmin: YES
Determining target for route: app_product_new, id: null
Creating log - Action: ADMIN_CREATES_RECORD Target: Admin created product: Frying Pan (Price: $wdwaww)
✅ Log saved successfully: ADMIN_CREATES_RECORD
2026-03-29 10:17:55 - POST Route: app_product_new
POST Data: Array
(
    [product] => Array
        (
            [name] => Frying Pan
            [description] => 7777
            [price] => wdwaww
            [category] => 6
            [image] => 
            [_token] => pK0qFYtxBbNYPKtltTqTNnpO
        )

)

Route attributes: Array
(
)

----------------------------------------
Determining action for route: app_product_new, isAdmin: YES
Determining target for route: app_product_new, id: null
Creating log - Action: ADMIN_CREATES_RECORD Target: Admin created product: Frying Pan (Price: $wdwaww)
✅ Log saved successfully: ADMIN_CREATES_RECORD
2026-03-29 10:18:11 - POST Route: app_product_new
POST Data: Array
(
    [product] => Array
        (
            [name] => Frying Pan
            [description] => www
            [price] => wdwaww
            [category] => 6
            [image] => 
            [_token] => z3HJKd/HWvQRjh3otqMAfFRH
        )

)

Route attributes: Array
(
)

----------------------------------------
Determining action for route: app_product_new, isAdmin: YES
Determining target for route: app_product_new, id: null
Creating log - Action: ADMIN_CREATES_RECORD Target: Admin created product: Frying Pan (Price: $wdwaww)
✅ Log saved successfully: ADMIN_CREATES_RECORD
2026-03-29 10:18:22 - POST Route: app_product_new
POST Data: Array
(
    [product] => Array
        (
            [name] => Frying Pan
            [description] => www
            [price] => wdwaww
            [category] => 6
            [image] => 
            [_token] => XXsEgU33NEduj14cGn03I2GM
        )

)

Route attributes: Array
(
)

----------------------------------------
Determining action for route: app_product_new, isAdmin: YES
Determining target for route: app_product_new, id: null
Creating log - Action: ADMIN_CREATES_RECORD Target: Admin created product: Frying Pan (Price: $wdwaww)
✅ Log saved successfully: ADMIN_CREATES_RECORD
2026-03-29 10:20:45 - POST Route: app_product_new
POST Data: Array
(
    [product] => Array
        (
            [name] => Frying Pan
            [description] => dwwww
            [price] => 800.00
            [category] => 3
            [image] => 
            [_token] => bPO5R69KbPNGCFBRecfY0kMP
        )

)

Route attributes: Array
(
)

----------------------------------------
Determining action for route: app_product_new, isAdmin: YES
Determining target for route: app_product_new, id: null
Creating log - Action: ADMIN_CREATES_RECORD Target: Admin created product: Frying Pan (Price: $800.00)
✅ Log saved successfully: ADMIN_CREATES_RECORD
2026-03-29 10:20:53 - POST Route: app_product_delete
POST Data: Array
(
    [_token] => 0b6924113487fd.7dZghtse8I1S0eIAZxqjQGavlB2WCtnT898pag0gTWk.npwts-lOgsUCk9ppOG7KFFXFp1rvUraMlZt8GnlyEgqorBLxuiuvzBW8gQ
)

Route attributes: Array
(
    [id] => 57
)

----------------------------------------
Delete route detected: app_product_delete - Monitored: YES
Determining action for route: app_product_delete, isAdmin: YES
Determining target for route: app_product_delete, id: 57
Creating log - Action: ADMIN_DELETES_RECORD Target: Admin deleted product (ID: 57)
✅ Log saved successfully: ADMIN_DELETES_RECORD
2026-03-29 10:30:27 - POST Route: app_product_new
POST Data: Array
(
    [product] => Array
        (
            [name] => Frying Pan
            [description] => uuu
            [price] => 40
            [category] => 6
            [image] => 
            [_token] => 4B66SU3cCDM3BnIx2KZJVu2L
        )

)

Route attributes: Array
(
)

----------------------------------------
Determining action for route: app_product_new, isAdmin: YES
Determining target for route: app_product_new, id: null
Creating log - Action: ADMIN_CREATES_RECORD Target: Admin created product: Frying Pan (Price: $40)
✅ Log saved successfully: ADMIN_CREATES_RECORD
2026-03-29 10:30:41 - POST Route: app_product_edit
POST Data: Array
(
    [product] => Array
        (
            [name] => Frying Pan
            [description] => uuu
            [price] => 40.00
            [category] => 6
            [image] => frt-69c8e3240c443.avif
            [_token] => c7KaR9Ns4Gf9v0Qm4svGBrWK
        )

)

Route attributes: Array
(
    [id] => 58
)

----------------------------------------
Determining action for route: app_product_edit, isAdmin: YES
Determining target for route: app_product_edit, id: 58
Creating log - Action: ADMIN_UPDATES_RECORD Target: Admin edited product: Frying Pan (Price: $40.00)
✅ Log saved successfully: ADMIN_UPDATES_RECORD
✅ Login log saved
2026-03-29 10:37:04 - POST Route: app_dashboardupload_profile_picture
POST Data: Array
(
)

Route attributes: Array
(
)

----------------------------------------
2026-03-29 10:37:51 - POST Route: app_dashboardupload_profile_picture
POST Data: Array
(
)

Route attributes: Array
(
)

----------------------------------------
2026-03-29 10:40:19 - POST Route: app_stock_delete
POST Data: Array
(
    [_token] => 24e37fd819bf0fa.7jN5v5YVShC1IB_zOeLIbai_OPjQNIr27dQyFWds25k.p3wRhvRMfSf3RGi2Vb2vGv7KS5riAOyOpa5BbRQ8tdyxazzV4HQLXPljeA
)

Route attributes: Array
(
    [id] => 14
)

----------------------------------------
Delete route detected: app_stock_delete - Monitored: YES
Determining action for route: app_stock_delete, isAdmin: YES
Determining target for route: app_stock_delete, id: 14
Creating log - Action: ADMIN_DELETES_RECORD Target: Admin deleted stock (ID: 14)
✅ Log saved successfully: ADMIN_DELETES_RECORD
2026-03-29 10:40:26 - POST Route: app_product_delete
POST Data: Array
(
    [_token] => 2548845e18d40.LGgs45ccdY8iXOg7bdaDq7wiTIG3xtDnIJDSVMxeUn0.WBFJp-BlL_dyLJ4PO7Gz0ftFIsfamYSQFuSkMqAuChdpBFyP00Ms6kgMvQ
)

Route attributes: Array
(
    [id] => 3
)

----------------------------------------
Delete route detected: app_product_delete - Monitored: YES
Determining action for route: app_product_delete, isAdmin: YES
Determining target for route: app_product_delete, id: 3
Creating log - Action: ADMIN_DELETES_RECORD Target: Admin deleted product (ID: 3)
✅ Log saved successfully: ADMIN_DELETES_RECORD
2026-03-29 10:41:02 - POST Route: app_stock_new
POST Data: Array
(
    [stock] => Array
        (
            [product] => 20
            [stock] => 5
            [_token] => MqdBPugfCmljobi+kDjrzn9E
        )

)

Route attributes: Array
(
)

----------------------------------------
Determining action for route: app_stock_new, isAdmin: YES
Determining target for route: app_stock_new, id: null
Creating log - Action: ADMIN_CREATES_RECORD Target: Admin created stock: Pliers x 5 units
✅ Log saved successfully: ADMIN_CREATES_RECORD
2026-03-29 10:41:12 - POST Route: app_stock_new
POST Data: Array
(
    [stock] => Array
        (
            [product] => 25
            [stock] => 6
            [_token] => dsQ9Fn14Lcmi0nUa/u785DtH
        )

)

Route attributes: Array
(
)

----------------------------------------
Determining action for route: app_stock_new, isAdmin: YES
Determining target for route: app_stock_new, id: null
Creating log - Action: ADMIN_CREATES_RECORD Target: Admin created stock: MacBook x 6 units
✅ Log saved successfully: ADMIN_CREATES_RECORD
2026-03-29 10:41:37 - POST Route: app_order_new
POST Data: Array
(
    [stock_id] => 26
    [quantity] => 1
)

Route attributes: Array
(
)

----------------------------------------
Determining action for route: app_order_new, isAdmin: YES
Determining target for route: app_order_new, id: null
Creating log - Action: ADMIN_CREATES_RECORD Target: NULL
SKIPPED - No action or target
2026-03-29 10:41:44 - POST Route: app_stock_delete
POST Data: Array
(
    [_token] => 06687c93ddd2e3338.8HCVdhbwF7O6r0vYNzb5FEHRlUHiQMsljBofE5e2c2Q.tx3wHm7dfOPz_X21AESgdy3grDmTErlQ1U0uVd-OJS65F_5Gfp900tbtDg
)

Route attributes: Array
(
    [id] => 26
)

----------------------------------------
Delete route detected: app_stock_delete - Monitored: YES
Determining action for route: app_stock_delete, isAdmin: YES
Determining target for route: app_stock_delete, id: 26
Creating log - Action: ADMIN_DELETES_RECORD Target: Admin deleted stock: Headphone (Stock ID: 26)
✅ Log saved successfully: ADMIN_DELETES_RECORD
2026-03-29 10:52:42 - POST Route: app_product_new
POST Data: Array
(
    [product] => Array
        (
            [name] => Frying Pan
            [description] => howhwhoa
            [price] => 800.00
            [category] => 6
            [image] => https://images.unsplash.com/photo-1608376283895-6e6e63f6b46d?w=600&auto=format&fit=crop&q=60&ixlib=rb-4.1.0&ixid=M3wxMjA3fDB8MHxzZWFyY2h8NHx8Q2hyaXNtYXMlMjBiYWxsfGVufDB8fDB8fHww
            [_token] => mW+aXEbPhexOeYXCOf6fvCBb
        )

)

Route attributes: Array
(
)

----------------------------------------
Determining action for route: app_product_new, isAdmin: YES
Determining target for route: app_product_new, id: null
Creating log - Action: ADMIN_CREATES_RECORD Target: Admin created product: Frying Pan (Price: $800.00)
✅ Log saved successfully: ADMIN_CREATES_RECORD
2026-03-29 11:43:05 - POST Route: app_stock_new
POST Data: Array
(
    [stock] => Array
        (
            [product] => 5
            [stock] => 
            [_token] => qesyx58DvaIqHezjS8630Fw/
        )

)

Route attributes: Array
(
)

----------------------------------------
Determining action for route: app_stock_new, isAdmin: YES
Determining target for route: app_stock_new, id: null
Creating log - Action: ADMIN_CREATES_RECORD Target: Admin created stock: Vacuum Cleaner x  units
❌ Error saving log: The EntityManager is closed.
2026-03-29 11:43:23 - POST Route: app_stock_new
POST Data: Array
(
    [stock] => Array
        (
            [product] => 5
            [stock] => 55
            [_token] => mbnLR4awAl5gqXtJaVYt9sSo
        )

)

Route attributes: Array
(
)

----------------------------------------
Determining action for route: app_stock_new, isAdmin: YES
Determining target for route: app_stock_new, id: null
Creating log - Action: ADMIN_CREATES_RECORD Target: Admin created stock: Vacuum Cleaner x 55 units
✅ Log saved successfully: ADMIN_CREATES_RECORD
2026-03-29 11:43:33 - POST Route: app_stock_edit
POST Data: Array
(
    [stock] => Array
        (
            [product] => 20
            [stock] => 5
            [_token] => WYK/NpdiS9bUTe79/48U1ev3
        )

)

Route attributes: Array
(
    [id] => 41
)

----------------------------------------
Determining action for route: app_stock_edit, isAdmin: YES
Determining target for route: app_stock_edit, id: 41
Creating log - Action: ADMIN_UPDATES_RECORD Target: Admin edited stock: Pliers → 5 units
✅ Log saved successfully: ADMIN_UPDATES_RECORD
2026-03-29 11:43:42 - POST Route: app_stock_edit
POST Data: Array
(
    [stock] => Array
        (
            [product] => 25
            [stock] => 6
            [_token] => JjyRl5soHgBgwoNWPFCA2iHP
        )

)

Route attributes: Array
(
    [id] => 42
)

----------------------------------------
Determining action for route: app_stock_edit, isAdmin: YES
Determining target for route: app_stock_edit, id: 42
Creating log - Action: ADMIN_UPDATES_RECORD Target: Admin edited stock: MacBook → 6 units
✅ Log saved successfully: ADMIN_UPDATES_RECORD
2026-03-29 11:52:24 - POST Route: app_stock_edit
POST Data: Array
(
    [stock] => Array
        (
            [product] => 20
            [stock] => 70
            [_token] => +sghKl1afvVDsmF444SyCWhC
        )

)

Route attributes: Array
(
    [id] => 41
)

----------------------------------------
Determining action for route: app_stock_edit, isAdmin: YES
Determining target for route: app_stock_edit, id: 41
Creating log - Action: ADMIN_UPDATES_RECORD Target: Admin edited stock: Pliers → 70 units
✅ Log saved successfully: ADMIN_UPDATES_RECORD
2026-03-29 11:52:35 - POST Route: app_stock_delete
POST Data: Array
(
    [_token] => 95a3a59fb1f068.DQKbSbcM061cxj3u2rqdJRR3P6HdU7Wzib92YvsTf6c.X0DvPv9vqcRvjVfbjM3aUGIGCdKQAd723Y9HMJxWOPdGMNcG4Gjk-jmeDQ
)

Route attributes: Array
(
    [id] => 41
)

----------------------------------------
Delete route detected: app_stock_delete - Monitored: YES
Determining action for route: app_stock_delete, isAdmin: YES
Determining target for route: app_stock_delete, id: 41
Creating log - Action: ADMIN_DELETES_RECORD Target: Admin deleted stock (ID: 41)
✅ Log saved successfully: ADMIN_DELETES_RECORD
2026-03-29 11:58:30 - POST Route: app_stock_new
POST Data: Array
(
    [stock] => Array
        (
            [product] => 22
            [stock] => 
            [_token] => vanGRcRVZ6bMMWs8qzJvyltU
        )

)

Route attributes: Array
(
)

----------------------------------------
Determining action for route: app_stock_new, isAdmin: YES
Determining target for route: app_stock_new, id: null
Creating log - Action: ADMIN_CREATES_RECORD Target: Admin created stock: Machete x  units
❌ Error saving log: The EntityManager is closed.
2026-03-29 11:58:41 - POST Route: app_stock_new
POST Data: Array
(
    [stock] => Array
        (
            [product] => 
            [stock] => 
            [_token] => ZaHsYkoHtfdi1lKJKUSZdmDz
        )

)

Route attributes: Array
(
)

----------------------------------------
Determining action for route: app_stock_new, isAdmin: YES
Determining target for route: app_stock_new, id: null
Creating log - Action: ADMIN_CREATES_RECORD Target: Admin created stock (Quantity: )
❌ Error saving log: The EntityManager is closed.
2026-03-29 11:59:02 - POST Route: app_stock_edit
POST Data: Array
(
    [stock] => Array
        (
            [product] => 25
            [stock] => 0
            [_token] => JhMc0Vt+BXyo6rDrPikILhS9
        )

)

Route attributes: Array
(
    [id] => 42
)

----------------------------------------
Determining action for route: app_stock_edit, isAdmin: YES
Determining target for route: app_stock_edit, id: 42
Creating log - Action: ADMIN_UPDATES_RECORD Target: Admin edited stock: MacBook → 0 units
✅ Log saved successfully: ADMIN_UPDATES_RECORD
2026-03-29 11:59:14 - POST Route: app_stock_edit
POST Data: Array
(
    [stock] => Array
        (
            [product] => 
            [stock] => 0
            [_token] => BSYAP8xSZHH0dUtfyM5tApCY
        )

)

Route attributes: Array
(
    [id] => 42
)

----------------------------------------
Determining action for route: app_stock_edit, isAdmin: YES
Determining target for route: app_stock_edit, id: 42
Creating log - Action: ADMIN_UPDATES_RECORD Target: Admin edited stock: Unknown Product → 0 units
✅ Log saved successfully: ADMIN_UPDATES_RECORD
2026-03-29 11:59:32 - POST Route: app_stock_edit
POST Data: Array
(
    [stock] => Array
        (
            [product] => 23
            [stock] => 70
            [_token] => eRIOZT7jyaz4j9D2/SWovuNy
        )

)

Route attributes: Array
(
    [id] => 42
)

----------------------------------------
Determining action for route: app_stock_edit, isAdmin: YES
Determining target for route: app_stock_edit, id: 42
Creating log - Action: ADMIN_UPDATES_RECORD Target: Admin edited stock: Rope → 70 units
✅ Log saved successfully: ADMIN_UPDATES_RECORD
2026-03-29 12:01:36 - POST Route: app_stock_new
POST Data: Array
(
    [stock] => Array
        (
            [product] => 
            [stock] => 
            [_token] => iOFOeIQqI0/k7uOCIgSt6aax
        )

)

Route attributes: Array
(
)

----------------------------------------
Determining action for route: app_stock_new, isAdmin: YES
Determining target for route: app_stock_new, id: null
Creating log - Action: ADMIN_CREATES_RECORD Target: Admin created stock (Quantity: )
❌ Error saving log: The EntityManager is closed.
2026-03-29 12:05:52 - POST Route: app_stock_new
POST Data: Array
(
    [stock] => Array
        (
            [product] => 
            [stock] => 
            [_token] => iOFOeIQqI0/k7uOCIgSt6aax
        )

)

Route attributes: Array
(
)

----------------------------------------
Determining action for route: app_stock_new, isAdmin: YES
Determining target for route: app_stock_new, id: null
Creating log - Action: ADMIN_CREATES_RECORD Target: Admin created stock (Quantity: )
✅ Log saved successfully: ADMIN_CREATES_RECORD
2026-03-29 12:05:59 - POST Route: app_stock_new
POST Data: Array
(
    [stock] => Array
        (
            [product] => 
            [stock] => 
            [_token] => Wy74DwOVzm3pC5grrGh8bZhn
        )

)

Route attributes: Array
(
)

----------------------------------------
Determining action for route: app_stock_new, isAdmin: YES
Determining target for route: app_stock_new, id: null
Creating log - Action: ADMIN_CREATES_RECORD Target: Admin created stock (Quantity: )
✅ Log saved successfully: ADMIN_CREATES_RECORD
2026-03-29 12:06:11 - POST Route: app_stock_new
POST Data: Array
(
    [stock] => Array
        (
            [product] => 4
            [stock] => 
            [_token] => gxNv6YfGuqZLFrGhl/QQARC1
        )

)

Route attributes: Array
(
)

----------------------------------------
Determining action for route: app_stock_new, isAdmin: YES
Determining target for route: app_stock_new, id: null
Creating log - Action: ADMIN_CREATES_RECORD Target: Admin created stock: Light Bulb x  units
✅ Log saved successfully: ADMIN_CREATES_RECORD
2026-03-29 12:06:17 - POST Route: app_stock_new
POST Data: Array
(
    [stock] => Array
        (
            [product] => 4
            [stock] => 
            [_token] => 1PxJ5iy9k24WnrPrVzxl951N
        )

)

Route attributes: Array
(
)

----------------------------------------
Determining action for route: app_stock_new, isAdmin: YES
Determining target for route: app_stock_new, id: null
Creating log - Action: ADMIN_CREATES_RECORD Target: Admin created stock: Light Bulb x  units
✅ Log saved successfully: ADMIN_CREATES_RECORD
2026-03-29 12:06:23 - POST Route: app_stock_new
POST Data: Array
(
    [stock] => Array
        (
            [product] => 
            [stock] => 
            [_token] => V+0bf4z8REpHsLRcaipmr8WA
        )

)

Route attributes: Array
(
)

----------------------------------------
Determining action for route: app_stock_new, isAdmin: YES
Determining target for route: app_stock_new, id: null
Creating log - Action: ADMIN_CREATES_RECORD Target: Admin created stock (Quantity: )
✅ Log saved successfully: ADMIN_CREATES_RECORD
2026-03-29 12:06:29 - POST Route: app_stock_new
POST Data: Array
(
    [stock] => Array
        (
            [product] => 
            [stock] => 
            [_token] => uxXn65VzqLe+BT1g/z2kMcRB
        )

)

Route attributes: Array
(
)

----------------------------------------
Determining action for route: app_stock_new, isAdmin: YES
Determining target for route: app_stock_new, id: null
Creating log - Action: ADMIN_CREATES_RECORD Target: Admin created stock (Quantity: )
✅ Log saved successfully: ADMIN_CREATES_RECORD
2026-03-29 12:07:38 - POST Route: app_stock_new
POST Data: Array
(
    [stock] => Array
        (
            [product] => 
            [stock] => 
            [_token] => RjGeYZyZea1MRgA8xN4bcicF
        )

)

Route attributes: Array
(
)

----------------------------------------
Determining action for route: app_stock_new, isAdmin: YES
Determining target for route: app_stock_new, id: null
Creating log - Action: ADMIN_CREATES_RECORD Target: Admin created stock (Quantity: )
✅ Log saved successfully: ADMIN_CREATES_RECORD
2026-03-29 12:08:33 - POST Route: app_stock_new
POST Data: Array
(
    [stock] => Array
        (
            [product] => 
            [stock] => 
            [_token] => GbVeeuoklRQJ4smRDVpa+ymS
        )

)

Route attributes: Array
(
)

----------------------------------------
Determining action for route: app_stock_new, isAdmin: YES
Determining target for route: app_stock_new, id: null
Creating log - Action: ADMIN_CREATES_RECORD Target: Admin created stock (Quantity: )
✅ Log saved successfully: ADMIN_CREATES_RECORD
2026-03-29 12:08:42 - POST Route: app_stock_new
POST Data: Array
(
    [stock] => Array
        (
            [product] => 4
            [stock] => 
            [_token] => LPRJmF0NXlv2bmq0sVPl4cbE
        )

)

Route attributes: Array
(
)

----------------------------------------
Determining action for route: app_stock_new, isAdmin: YES
Determining target for route: app_stock_new, id: null
Creating log - Action: ADMIN_CREATES_RECORD Target: Admin created stock: Light Bulb x  units
✅ Log saved successfully: ADMIN_CREATES_RECORD
2026-03-29 12:08:50 - POST Route: app_stock_new
POST Data: Array
(
    [stock] => Array
        (
            [product] => 
            [stock] => 
            [_token] => lwuQbSUf6tIkODvxXUAihKyC
        )

)

Route attributes: Array
(
)

----------------------------------------
Determining action for route: app_stock_new, isAdmin: YES
Determining target for route: app_stock_new, id: null
Creating log - Action: ADMIN_CREATES_RECORD Target: Admin created stock (Quantity: )
✅ Log saved successfully: ADMIN_CREATES_RECORD
2026-03-29 12:11:10 - POST Route: app_stock_new
POST Data: Array
(
    [stock] => Array
        (
            [product] => 
            [stock] => 0
            [_token] => 2Dnpbios2Dd547CkUuVO0Wfk
        )

)

Route attributes: Array
(
)

----------------------------------------
Determining action for route: app_stock_new, isAdmin: YES
Determining target for route: app_stock_new, id: null
Creating log - Action: ADMIN_CREATES_RECORD Target: Admin created stock (Quantity: 0)
✅ Log saved successfully: ADMIN_CREATES_RECORD
2026-03-29 12:12:10 - POST Route: app_stock_new
POST Data: Array
(
    [stock] => Array
        (
            [product] => 
            [stock] => 0
            [_token] => VYucRW8DKLTZjQBkFKOPnJac
        )

)

Route attributes: Array
(
)

----------------------------------------
Determining action for route: app_stock_new, isAdmin: YES
Determining target for route: app_stock_new, id: null
Creating log - Action: ADMIN_CREATES_RECORD Target: Admin created stock (Quantity: 0)
✅ Log saved successfully: ADMIN_CREATES_RECORD
2026-03-29 12:12:19 - POST Route: app_stock_new
POST Data: Array
(
    [stock] => Array
        (
            [product] => 20
            [stock] => 0
            [_token] => Hnm4l0PS2rTE9g5RCZ/n3Cih
        )

)

Route attributes: Array
(
)

----------------------------------------
Determining action for route: app_stock_new, isAdmin: YES
Determining target for route: app_stock_new, id: null
Creating log - Action: ADMIN_CREATES_RECORD Target: Admin created stock: Pliers x 0 units
✅ Log saved successfully: ADMIN_CREATES_RECORD
2026-03-29 12:13:32 - POST Route: app_stock_new
POST Data: Array
(
    [stock] => Array
        (
            [product] => 
            [stock] => 
            [_token] => Srxh3v2ZEMEkiak0KIKN+pX4
        )

)

Route attributes: Array
(
)

----------------------------------------
Determining action for route: app_stock_new, isAdmin: YES
Determining target for route: app_stock_new, id: null
Creating log - Action: ADMIN_CREATES_RECORD Target: Admin created stock (Quantity: )
✅ Log saved successfully: ADMIN_CREATES_RECORD
2026-03-29 12:13:40 - POST Route: app_stock_new
POST Data: Array
(
    [stock] => Array
        (
            [product] => 24
            [stock] => 
            [_token] => 6PGLMS8HsruPY/HF2PV5AaPp
        )

)

Route attributes: Array
(
)

----------------------------------------
Determining action for route: app_stock_new, isAdmin: YES
Determining target for route: app_stock_new, id: null
Creating log - Action: ADMIN_CREATES_RECORD Target: Admin created stock: Towel x  units
✅ Log saved successfully: ADMIN_CREATES_RECORD
2026-03-29 12:13:43 - POST Route: app_stock_new
POST Data: Array
(
    [stock] => Array
        (
            [product] => 24
            [stock] => 
            [_token] => kzkz63ZQ0QKSCXbyEwTKq8A1
        )

)

Route attributes: Array
(
)

----------------------------------------
Determining action for route: app_stock_new, isAdmin: YES
Determining target for route: app_stock_new, id: null
Creating log - Action: ADMIN_CREATES_RECORD Target: Admin created stock: Towel x  units
✅ Log saved successfully: ADMIN_CREATES_RECORD
2026-03-29 12:13:48 - POST Route: app_stock_new
POST Data: Array
(
    [stock] => Array
        (
            [product] => 24
            [stock] => 0
            [_token] => y5rh8Sc7pidZuImOu97nKwXI
        )

)

Route attributes: Array
(
)

----------------------------------------
Determining action for route: app_stock_new, isAdmin: YES
Determining target for route: app_stock_new, id: null
Creating log - Action: ADMIN_CREATES_RECORD Target: Admin created stock: Towel x 0 units
✅ Log saved successfully: ADMIN_CREATES_RECORD
2026-03-29 12:34:58 - POST Route: app_dashboardupdate_last_active
POST Data: Array
(
)

Route attributes: Array
(
)

----------------------------------------
2026-03-29 12:40:12 - POST Route: app_dashboardupdate_last_active
POST Data: Array
(
)

Route attributes: Array
(
)

----------------------------------------
2026-03-29 12:40:16 - POST Route: app_dashboardupdate_last_active
POST Data: Array
(
)

Route attributes: Array
(
)

----------------------------------------
✅ Login log saved
✅ Logout log saved
2026-03-29 12:41:02 - POST Route: app_dashboardupdate_last_active
POST Data: Array
(
)

Route attributes: Array
(
)

----------------------------------------
2026-03-29 12:41:13 - POST Route: app_dashboardupdate_last_active
POST Data: Array
(
)

Route attributes: Array
(
)

----------------------------------------
2026-03-29 12:41:57 - POST Route: app_dashboardupdate_last_active
POST Data: Array
(
)

Route attributes: Array
(
)

----------------------------------------
✅ Login log saved
2026-03-29 12:42:29 - POST Route: app_dashboardupdate_last_active
POST Data: Array
(
)

Route attributes: Array
(
)

----------------------------------------
2026-03-29 12:42:34 - POST Route: app_dashboardupdate_last_active
POST Data: Array
(
)

Route attributes: Array
(
)

----------------------------------------
✅ Logout log saved
2026-03-29 12:42:48 - POST Route: app_dashboardupdate_last_active
POST Data: Array
(
)

Route attributes: Array
(
)

----------------------------------------
2026-03-29 12:42:51 - POST Route: app_dashboardupdate_last_active
POST Data: Array
(
)

Route attributes: Array
(
)

----------------------------------------
2026-03-29 12:42:52 - POST Route: app_dashboardupdate_last_active
POST Data: Array
(
)

Route attributes: Array
(
)

----------------------------------------
2026-03-29 12:42:54 - POST Route: app_dashboardupdate_last_active
POST Data: Array
(
)

Route attributes: Array
(
)

----------------------------------------
2026-03-29 12:43:05 - POST Route: app_dashboardupdate_last_active
POST Data: Array
(
)

Route attributes: Array
(
)

----------------------------------------
2026-03-29 12:43:07 - POST Route: app_dashboardupdate_last_active
POST Data: Array
(
)

Route attributes: Array
(
)

----------------------------------------
2026-03-29 12:43:08 - POST Route: app_dashboardupdate_last_active
POST Data: Array
(
)

Route attributes: Array
(
)

----------------------------------------
2026-03-29 12:43:42 - POST Route: app_dashboardupdate_last_active
POST Data: Array
(
)

Route attributes: Array
(
)

----------------------------------------
2026-03-29 12:43:44 - POST Route: app_dashboardupdate_last_active
POST Data: Array
(
)

Route attributes: Array
(
)

----------------------------------------
2026-03-29 12:43:45 - POST Route: app_dashboardupdate_last_active
POST Data: Array
(
)

Route attributes: Array
(
)

----------------------------------------
2026-03-29 12:45:53 - POST Route: app_dashboardupdate_last_active
POST Data: Array
(
)

Route attributes: Array
(
)

----------------------------------------
2026-03-29 12:50:57 - POST Route: app_dashboardupdate_last_active
POST Data: Array
(
)

Route attributes: Array
(
)

----------------------------------------
2026-03-29 12:51:34 - POST Route: app_dashboardupdate_last_active
POST Data: Array
(
)

Route attributes: Array
(
)

----------------------------------------
2026-03-29 12:53:25 - POST Route: app_dashboardupdate_last_active
POST Data: Array
(
)

Route attributes: Array
(
)

----------------------------------------
2026-03-29 12:55:51 - POST Route: app_dashboardupdate_last_active
POST Data: Array
(
)

Route attributes: Array
(
)

----------------------------------------
2026-03-29 12:57:02 - POST Route: app_dashboardupdate_last_active
POST Data: Array
(
)

Route attributes: Array
(
)

----------------------------------------
2026-03-29 12:57:30 - POST Route: app_dashboardupdate_last_active
POST Data: Array
(
)

Route attributes: Array
(
)

----------------------------------------
2026-03-29 12:57:33 - POST Route: app_dashboardupdate_last_active
POST Data: Array
(
)

Route attributes: Array
(
)

----------------------------------------
2026-03-29 12:57:49 - POST Route: app_dashboardupdate_last_active
POST Data: Array
(
)

Route attributes: Array
(
)

----------------------------------------
2026-03-29 12:58:43 - POST Route: app_dashboardupdate_last_active
POST Data: Array
(
)

Route attributes: Array
(
)

----------------------------------------
2026-03-29 13:01:49 - POST Route: app_dashboardupdate_last_active
POST Data: Array
(
)

Route attributes: Array
(
)

----------------------------------------
2026-03-29 13:01:53 - POST Route: app_dashboardupdate_last_active
POST Data: Array
(
)

Route attributes: Array
(
)

----------------------------------------
2026-03-29 13:07:48 - POST Route: app_dashboardupdate_last_active
POST Data: Array
(
)

Route attributes: Array
(
)

----------------------------------------
2026-03-29 13:07:58 - POST Route: app_dashboardupdate_last_active
POST Data: Array
(
)

Route attributes: Array
(
)

----------------------------------------
2026-03-29 13:08:07 - POST Route: app_dashboardupdate_last_active
POST Data: Array
(
)

Route attributes: Array
(
)

----------------------------------------
✅ Login log saved
2026-03-29 13:09:32 - POST Route: app_product_edit
POST Data: Array
(
    [product] => Array
        (
            [name] => Christmas Ball
            [description] => Good decoration for christmas
            [price] => 800.00
            [category] => 8
            [image] => https://images.unsplash.com/photo-1608376283895-6e6e63f6b46d?w=600&auto=format&fit=crop&q=60&ixlib=rb-4.1.0&ixid=M3wxMjA3fDB8MHxzZWFyY2h8NHx8Q2hyaXNtYXMlMjBiYWxsfGVufDB8fDB8fHww
            [_token] => rw2VPzOxTT5J+VzgErbkuKUU
        )

)

Route attributes: Array
(
    [id] => 59
)

----------------------------------------
Determining action for route: app_product_edit, isAdmin: YES
Determining target for route: app_product_edit, id: 59
Creating log - Action: ADMIN_UPDATES_RECORD Target: Admin edited product: Christmas Ball (Price: $800.00)
✅ Log saved successfully: ADMIN_UPDATES_RECORD
2026-03-29 13:10:04 - POST Route: app_product_edit
POST Data: Array
(
    [product] => Array
        (
            [name] => Frying Pan
            [description] => A traditional frying pan
            [price] => 40.00
            [category] => 6
            [image] => frt-69c8e3240c443.avif
            [_token] => h8JuFta1GL5acRZgZds8pCbo
        )

)

Route attributes: Array
(
    [id] => 58
)

----------------------------------------
Determining action for route: app_product_edit, isAdmin: YES
Determining target for route: app_product_edit, id: 58
Creating log - Action: ADMIN_UPDATES_RECORD Target: Admin edited product: Frying Pan (Price: $40.00)
✅ Log saved successfully: ADMIN_UPDATES_RECORD
✅ Logout log saved
2026-03-29 13:10:18 - POST Route: app_dashboardupdate_last_active
POST Data: Array
(
)

Route attributes: Array
(
)

----------------------------------------
2026-03-29 13:10:21 - POST Route: app_dashboardupdate_last_active
POST Data: Array
(
)

Route attributes: Array
(
)

----------------------------------------
2026-03-29 13:10:24 - POST Route: app_dashboardupdate_last_active
POST Data: Array
(
)

Route attributes: Array
(
)

----------------------------------------
2026-03-29 13:10:25 - POST Route: app_dashboardupdate_last_active
POST Data: Array
(
)

Route attributes: Array
(
)

----------------------------------------
2026-03-29 13:10:34 - POST Route: app_dashboardupdate_last_active
POST Data: Array
(
)

Route attributes: Array
(
)

----------------------------------------
2026-03-29 13:10:35 - POST Route: app_dashboardupdate_last_active
POST Data: Array
(
)

Route attributes: Array
(
)

----------------------------------------
2026-03-29 13:10:36 - POST Route: app_dashboardupdate_last_active
POST Data: Array
(
)

Route attributes: Array
(
)

----------------------------------------
2026-03-29 13:10:49 - POST Route: app_dashboardupdate_last_active
POST Data: Array
(
)

Route attributes: Array
(
)

----------------------------------------
2026-03-29 13:10:51 - POST Route: app_dashboardupdate_last_active
POST Data: Array
(
)

Route attributes: Array
(
)

----------------------------------------
2026-03-29 13:10:56 - POST Route: app_dashboardupdate_last_active
POST Data: Array
(
)

Route attributes: Array
(
)

----------------------------------------
2026-03-29 13:11:05 - POST Route: app_dashboardupdate_last_active
POST Data: Array
(
)

Route attributes: Array
(
)

----------------------------------------
2026-03-29 13:11:23 - POST Route: app_dashboardupdate_last_active
POST Data: Array
(
)

Route attributes: Array
(
)

----------------------------------------
2026-03-29 13:11:56 - POST Route: app_dashboardupdate_last_active
POST Data: Array
(
)

Route attributes: Array
(
)

----------------------------------------
2026-03-29 13:12:47 - POST Route: app_dashboardupdate_last_active
POST Data: Array
(
)

Route attributes: Array
(
)

----------------------------------------
2026-03-29 13:13:31 - POST Route: app_dashboardupdate_last_active
POST Data: Array
(
)

Route attributes: Array
(
)

----------------------------------------
2026-03-29 13:14:41 - POST Route: app_dashboardupdate_last_active
POST Data: Array
(
)

Route attributes: Array
(
)

----------------------------------------
2026-03-29 13:15:39 - POST Route: app_dashboardupdate_last_active
POST Data: Array
(
)

Route attributes: Array
(
)

----------------------------------------
2026-03-29 13:17:22 - POST Route: app_dashboardupdate_last_active
POST Data: Array
(
)

Route attributes: Array
(
)

----------------------------------------
2026-03-29 13:17:28 - POST Route: app_dashboardupdate_last_active
POST Data: Array
(
)

Route attributes: Array
(
)

----------------------------------------
2026-03-29 13:21:49 - POST Route: app_dashboardupdate_last_active
POST Data: Array
(
)

Route attributes: Array
(
)

----------------------------------------
✅ Login log saved
2026-03-29 13:22:32 - POST Route: app_dashboardupdate_last_active
POST Data: Array
(
)

Route attributes: Array
(
)

----------------------------------------
✅ Logout log saved
2026-03-29 13:22:43 - POST Route: app_dashboardupdate_last_active
POST Data: Array
(
)

Route attributes: Array
(
)

----------------------------------------
2026-03-29 13:23:23 - POST Route: app_dashboardupdate_last_active
POST Data: Array
(
)

Route attributes: Array
(
)

----------------------------------------
2026-03-29 13:23:30 - POST Route: app_user_delete
POST Data: Array
(
    [_token] => 574812b1249e38b79.cABeRQiZdwh0TZ1f6AUgXv9T3BFBlBk4UlCvnUM7y0o.JnMzAWT-LjFBKtkrgzZWadIm6kRspUh2YzOXzxRWhiECc2gPR-pDWR4_2A
)

Route attributes: Array
(
    [id] => 27
)

----------------------------------------
Delete route detected: app_user_delete - Monitored: YES
Determining action for route: app_user_delete, isAdmin: YES
Determining target for route: app_user_delete, id: 27
Creating log - Action: ADMIN_DELETES_USER Target: Admin deleted user (ID: 27)
✅ Log saved successfully: ADMIN_DELETES_USER
2026-03-29 13:23:33 - POST Route: app_dashboardupdate_last_active
POST Data: Array
(
)

Route attributes: Array
(
)

----------------------------------------
2026-03-29 13:25:12 - POST Route: app_dashboardupdate_last_active
POST Data: Array
(
)

Route attributes: Array
(
)

----------------------------------------
2026-03-29 13:26:05 - POST Route: app_dashboardupdate_last_active
POST Data: Array
(
)

Route attributes: Array
(
)

----------------------------------------
2026-03-29 13:27:01 - POST Route: app_user_new
POST Data: Array
(
    [user] => Array
        (
            [username] => loloy
            [roles] => ROLE_USER
            [password] => dodot@123
            [_token] => RWReB+ORrhGR58+H2KvjHDRk
        )

)

Route attributes: Array
(
)

----------------------------------------
Determining action for route: app_user_new, isAdmin: YES
Determining target for route: app_user_new, id: null
Creating log - Action: ADMIN_CREATES_USER Target: Admin created user: loloy (Role: User)
✅ Log saved successfully: ADMIN_CREATES_USER
2026-03-29 13:27:02 - POST Route: app_dashboardupdate_last_active
POST Data: Array
(
)

Route attributes: Array
(
)

----------------------------------------
2026-03-29 13:29:18 - POST Route: app_dashboardupdate_last_active
POST Data: Array
(
)

Route attributes: Array
(
)

----------------------------------------
2026-03-29 13:29:40 - POST Route: app_user_delete
POST Data: Array
(
    [_token] => 532fa8f1b74f72de6cef.U8aVE2rnlNyaKISaBlvH-82xztxf4s7wAPnmhRKvA8Y.GvPedjPT87nKRsn-Mz-Cwp7Qr7AWtq27RYnLymTNa5Rnit5RWYusqfJm0Q
)

Route attributes: Array
(
    [id] => 29
)

----------------------------------------
Delete route detected: app_user_delete - Monitored: YES
Determining action for route: app_user_delete, isAdmin: YES
Determining target for route: app_user_delete, id: 29
Creating log - Action: ADMIN_DELETES_USER Target: Admin deleted user (ID: 29)
✅ Log saved successfully: ADMIN_DELETES_USER
2026-03-29 13:29:41 - POST Route: app_dashboardupdate_last_active
POST Data: Array
(
)

Route attributes: Array
(
)

----------------------------------------
2026-03-29 13:29:55 - POST Route: app_user_edit
POST Data: Array
(
    [user] => Array
        (
            [username] => Arjay
            [roles] => ROLE_USER
            [password] => dodot@123
            [_token] => hGHcKrNZ9lgpVRcaR7YlHPAt
        )

)

Route attributes: Array
(
    [id] => 28
)

----------------------------------------
Determining action for route: app_user_edit, isAdmin: YES
Determining target for route: app_user_edit, id: 28
Creating log - Action: ADMIN_UPDATES_USER Target: Admin updated user: Arjay → Role changed from User to User (Password changed)
✅ Log saved successfully: ADMIN_UPDATES_USER
2026-03-29 13:29:59 - POST Route: app_dashboardupdate_last_active
POST Data: Array
(
)

Route attributes: Array
(
)

----------------------------------------
2026-03-29 13:30:16 - POST Route: app_user_new
POST Data: Array
(
    [user] => Array
        (
            [username] => loloy
            [roles] => ROLE_ADMIN
            [password] => dodot@123
            [_token] => UkYKZ3Re8mPrsJO9zhM7IB8o
        )

)

Route attributes: Array
(
)

----------------------------------------
Determining action for route: app_user_new, isAdmin: YES
Determining target for route: app_user_new, id: null
Creating log - Action: ADMIN_CREATES_USER Target: Admin created user: loloy (Role: Admin)
✅ Log saved successfully: ADMIN_CREATES_USER
2026-03-29 13:30:18 - POST Route: app_dashboardupdate_last_active
POST Data: Array
(
)

Route attributes: Array
(
)

----------------------------------------
2026-03-29 13:31:07 - POST Route: app_user_delete
POST Data: Array
(
    [_token] => 6036.A5h33REUHLoEd0Ta4JVFgLHxpdG-ToHR0D5Nqe_Og84.NtwT6mZdWIhCAD6s0vYCxve6wbKIOOe05g0vw6e91ftWzgSOekB5wFchKw
)

Route attributes: Array
(
    [id] => 30
)

----------------------------------------
Delete route detected: app_user_delete - Monitored: YES
Determining action for route: app_user_delete, isAdmin: YES
Determining target for route: app_user_delete, id: 30
Creating log - Action: ADMIN_DELETES_USER Target: Admin deleted user (ID: 30)
✅ Log saved successfully: ADMIN_DELETES_USER
2026-03-29 13:31:08 - POST Route: app_dashboardupdate_last_active
POST Data: Array
(
)

Route attributes: Array
(
)

----------------------------------------
2026-03-29 13:33:54 - POST Route: app_dashboardupdate_last_active
POST Data: Array
(
)

Route attributes: Array
(
)

----------------------------------------
2026-03-29 13:34:16 - POST Route: app_user_edit
POST Data: Array
(
    [user] => Array
        (
            [username] => Dodot
            [roles] => ROLE_ADMIN
            [password] => dodot@123
            [_token] => 70Av5Poxh9fcBQXPET9lOTn1
        )

)

Route attributes: Array
(
    [id] => 21
)

----------------------------------------
Determining action for route: app_user_edit, isAdmin: YES
Determining target for route: app_user_edit, id: 21
Creating log - Action: ADMIN_UPDATES_USER Target: Admin updated user: Dodot → Role changed from Admin to Admin (Password changed)
✅ Log saved successfully: ADMIN_UPDATES_USER
2026-03-29 13:34:19 - POST Route: app_dashboardupdate_last_active
POST Data: Array
(
)

Route attributes: Array
(
)

----------------------------------------
2026-03-29 13:34:33 - POST Route: app_user_delete
POST Data: Array
(
    [_token] => 9ec43ab53fb82b35850015028.WAiGXL-PzG9SFIOvldb7yF0d_9HeQ_6YkLdiU7MUHSU.H2XjNMeipz8bRrXCoqSiqzEsxqmvEYztyeBTFfssS28Rb-1s1-CvDj5Wxg
)

Route attributes: Array
(
    [id] => 26
)

----------------------------------------
Delete route detected: app_user_delete - Monitored: YES
Determining action for route: app_user_delete, isAdmin: YES
Determining target for route: app_user_delete, id: 26
Creating log - Action: ADMIN_DELETES_USER Target: Admin deleted user (ID: 26)
✅ Log saved successfully: ADMIN_DELETES_USER
2026-03-29 13:34:34 - POST Route: app_dashboardupdate_last_active
POST Data: Array
(
)

Route attributes: Array
(
)

----------------------------------------
2026-03-29 13:42:52 - POST Route: app_user_new
POST Data: Array
(
    [user] => Array
        (
            [username] => loloy
            [roles] => ROLE_ADMIN
            [password] => dodot@123
            [_token] => 76VB81tStof+D64o425KblGX
        )

)

Route attributes: Array
(
)

----------------------------------------
Determining action for route: app_user_new, isAdmin: YES
Determining target for route: app_user_new, id: null
Creating log - Action: ADMIN_CREATES_USER Target: Admin created user: loloy (Role: Admin)
✅ Log saved successfully: ADMIN_CREATES_USER
2026-03-29 13:42:54 - POST Route: app_dashboardupdate_last_active
POST Data: Array
(
)

Route attributes: Array
(
)

----------------------------------------
2026-03-29 13:43:14 - POST Route: app_dashboardupdate_last_active
POST Data: Array
(
)

Route attributes: Array
(
)

----------------------------------------
2026-03-29 13:45:40 - POST Route: app_dashboardupdate_last_active
POST Data: Array
(
)

Route attributes: Array
(
)

----------------------------------------
2026-03-29 13:46:20 - POST Route: app_user_edit
POST Data: Array
(
    [user] => Array
        (
            [username] => loloy
            [roles] => ROLE_ADMIN
            [password] => dodot@123
            [_token] => kuPmgxQ9muOkY3EBz66K0EO7
        )

)

Route attributes: Array
(
    [id] => 31
)

----------------------------------------
Determining action for route: app_user_edit, isAdmin: YES
Determining target for route: app_user_edit, id: 31
Creating log - Action: ADMIN_UPDATES_USER Target: Admin updated user: loloy → Role changed from Admin to Admin (Password changed)
✅ Log saved successfully: ADMIN_UPDATES_USER
2026-03-29 13:46:22 - POST Route: app_dashboardupdate_last_active
POST Data: Array
(
)

Route attributes: Array
(
)

----------------------------------------
2026-03-29 13:53:35 - POST Route: app_user_edit
POST Data: Array
(
    [user] => Array
        (
            [username] => Antony
            [roles] => ROLE_ADMIN
            [password] => dodot@123
            [_token] => Be/VMkB0YyYJcxtz+GNCQC1+
        )

)

Route attributes: Array
(
    [id] => 1
)

----------------------------------------
Determining action for route: app_user_edit, isAdmin: YES
Determining target for route: app_user_edit, id: 1
Creating log - Action: ADMIN_UPDATES_USER Target: Admin updated user: Antony → Role changed from Admin to Admin (Password changed)
✅ Log saved successfully: ADMIN_UPDATES_USER
2026-03-29 13:53:37 - POST Route: app_dashboardupdate_last_active
POST Data: Array
(
)

Route attributes: Array
(
)

----------------------------------------
2026-03-29 13:53:46 - POST Route: app_dashboardupdate_last_active
POST Data: Array
(
)

Route attributes: Array
(
)

----------------------------------------
2026-03-29 13:54:57 - POST Route: app_user_edit
POST Data: Array
(
    [user] => Array
        (
            [username] => loloy
            [roles] => ROLE_ADMIN
            [password] => dodot@123
            [_token] => RcyyCqQaJcd7oeVRQum5hLg4
        )

)

Route attributes: Array
(
    [id] => 31
)

----------------------------------------
Determining action for route: app_user_edit, isAdmin: YES
Determining target for route: app_user_edit, id: 31
Creating log - Action: ADMIN_UPDATES_USER Target: Admin updated user: loloy → Role changed from Admin to Admin (Password changed)
✅ Log saved successfully: ADMIN_UPDATES_USER
2026-03-29 13:54:59 - POST Route: app_dashboardupdate_last_active
POST Data: Array
(
)

Route attributes: Array
(
)

----------------------------------------
2026-03-29 13:56:24 - POST Route: app_dashboardupdate_last_active
POST Data: Array
(
)

Route attributes: Array
(
)

----------------------------------------
✅ Login log saved
2026-03-30 05:25:59 - POST Route: app_dashboardupdate_last_active
POST Data: Array
(
)

Route attributes: Array
(
)

----------------------------------------
2026-03-30 05:26:07 - POST Route: app_dashboardupdate_last_active
POST Data: Array
(
)

Route attributes: Array
(
)

----------------------------------------
✅ Login log saved
2026-03-30 05:45:05 - POST Route: app_dashboardupdate_last_active
POST Data: Array
(
)

Route attributes: Array
(
)

----------------------------------------
2026-03-30 05:45:11 - POST Route: app_dashboardupdate_last_active
POST Data: Array
(
)

Route attributes: Array
(
)

----------------------------------------
2026-03-30 05:45:15 - POST Route: app_dashboardupdate_last_active
POST Data: Array
(
)

Route attributes: Array
(
)

----------------------------------------
2026-03-30 05:45:25 - POST Route: app_dashboardupdate_last_active
POST Data: Array
(
)

Route attributes: Array
(
)

----------------------------------------
2026-03-30 05:45:41 - POST Route: app_dashboardupdate_last_active
POST Data: Array
(
)

Route attributes: Array
(
)

----------------------------------------
2026-03-30 05:45:44 - POST Route: app_dashboardupdate_last_active
POST Data: Array
(
)

Route attributes: Array
(
)

----------------------------------------
2026-03-30 05:45:48 - POST Route: app_dashboardupdate_last_active
POST Data: Array
(
)

Route attributes: Array
(
)

----------------------------------------
2026-03-30 05:45:50 - POST Route: app_dashboardupdate_last_active
POST Data: Array
(
)

Route attributes: Array
(
)

----------------------------------------
2026-03-30 05:45:53 - POST Route: app_dashboardupdate_last_active
POST Data: Array
(
)

Route attributes: Array
(
)

----------------------------------------
2026-03-30 05:46:02 - POST Route: app_dashboardupdate_last_active
POST Data: Array
(
)

Route attributes: Array
(
)

----------------------------------------
2026-03-30 05:46:05 - POST Route: app_dashboardupdate_last_active
POST Data: Array
(
)

Route attributes: Array
(
)

----------------------------------------
2026-03-30 05:46:13 - POST Route: app_dashboardupdate_last_active
POST Data: Array
(
)

Route attributes: Array
(
)

----------------------------------------
2026-03-30 05:46:16 - POST Route: app_dashboardupdate_last_active
POST Data: Array
(
)

Route attributes: Array
(
)

----------------------------------------
2026-03-30 05:46:26 - POST Route: app_dashboardupdate_last_active
POST Data: Array
(
)

Route attributes: Array
(
)

----------------------------------------
✅ Logout log saved
✅ Login log saved
2026-03-30 05:46:55 - POST Route: app_dashboardupdate_last_active
POST Data: Array
(
)

Route attributes: Array
(
)

----------------------------------------
2026-03-30 05:46:56 - POST Route: app_dashboardupdate_last_active
POST Data: Array
(
)

Route attributes: Array
(
)

----------------------------------------
2026-03-30 05:47:06 - POST Route: app_dashboardupdate_last_active
POST Data: Array
(
)

Route attributes: Array
(
)

----------------------------------------
2026-03-30 05:47:16 - POST Route: app_dashboardupdate_last_active
POST Data: Array
(
)

Route attributes: Array
(
)

----------------------------------------
2026-03-30 05:47:21 - POST Route: app_dashboardupdate_last_active
POST Data: Array
(
)

Route attributes: Array
(
)

----------------------------------------
✅ Logout log saved
✅ Login log saved
2026-03-30 05:47:48 - POST Route: app_dashboardupdate_last_active
POST Data: Array
(
)

Route attributes: Array
(
)

----------------------------------------
2026-03-30 05:47:50 - POST Route: app_dashboardupdate_last_active
POST Data: Array
(
)

Route attributes: Array
(
)

----------------------------------------
2026-03-30 05:47:51 - POST Route: app_dashboardupdate_last_active
POST Data: Array
(
)

Route attributes: Array
(
)

----------------------------------------
2026-03-30 05:47:52 - POST Route: app_dashboardupdate_last_active
POST Data: Array
(
)

Route attributes: Array
(
)

----------------------------------------
2026-03-30 05:47:53 - POST Route: app_dashboardupdate_last_active
POST Data: Array
(
)

Route attributes: Array
(
)

----------------------------------------
2026-03-30 05:47:54 - POST Route: app_dashboardupdate_last_active
POST Data: Array
(
)

Route attributes: Array
(
)

----------------------------------------
2026-03-30 05:47:55 - POST Route: app_dashboardupdate_last_active
POST Data: Array
(
)

Route attributes: Array
(
)

----------------------------------------
2026-03-30 05:48:07 - POST Route: app_dashboardupdate_last_active
POST Data: Array
(
)

Route attributes: Array
(
)

----------------------------------------
2026-03-30 05:48:13 - POST Route: app_dashboardupdate_last_active
POST Data: Array
(
)

Route attributes: Array
(
)

----------------------------------------
2026-03-30 05:48:20 - POST Route: app_dashboardupdate_last_active
POST Data: Array
(
)

Route attributes: Array
(
)

----------------------------------------
2026-03-30 05:48:24 - POST Route: app_dashboardupdate_last_active
POST Data: Array
(
)

Route attributes: Array
(
)

----------------------------------------
✅ Logout log saved
✅ Login log saved
2026-03-30 05:49:04 - POST Route: app_dashboardupdate_last_active
POST Data: Array
(
)

Route attributes: Array
(
)

----------------------------------------
2026-03-30 05:49:05 - POST Route: app_dashboardupdate_last_active
POST Data: Array
(
)

Route attributes: Array
(
)

----------------------------------------
2026-03-30 05:49:06 - POST Route: app_dashboardupdate_last_active
POST Data: Array
(
)

Route attributes: Array
(
)

----------------------------------------
✅ Logout log saved
2026-03-30 06:00:24 - POST Route: update_last_active
POST Data: Array
(
)

Route attributes: Array
(
)

----------------------------------------
2026-03-30 06:00:25 - POST Route: update_last_active
POST Data: Array
(
)

Route attributes: Array
(
)

----------------------------------------
2026-03-30 06:00:25 - POST Route: update_last_active
POST Data: Array
(
)

Route attributes: Array
(
)

----------------------------------------
2026-03-30 06:00:43 - POST Route: update_last_active
POST Data: Array
(
)

Route attributes: Array
(
)

----------------------------------------
2026-03-30 06:01:03 - POST Route: update_last_active
POST Data: Array
(
)

Route attributes: Array
(
)

----------------------------------------
2026-03-30 06:01:19 - POST Route: update_last_active
POST Data: Array
(
)

Route attributes: Array
(
)

----------------------------------------
2026-03-30 06:01:23 - POST Route: update_last_active
POST Data: Array
(
)

Route attributes: Array
(
)

----------------------------------------
✅ Login log saved
2026-03-30 06:01:36 - POST Route: update_last_active
POST Data: Array
(
)

Route attributes: Array
(
)

----------------------------------------
2026-03-30 06:01:40 - POST Route: update_last_active
POST Data: Array
(
)

Route attributes: Array
(
)

----------------------------------------
2026-03-30 06:01:40 - POST Route: update_last_active
POST Data: Array
(
)

Route attributes: Array
(
)

----------------------------------------
2026-03-30 06:01:41 - POST Route: update_last_active
POST Data: Array
(
)

Route attributes: Array
(
)

----------------------------------------
2026-03-30 06:01:44 - POST Route: update_last_active
POST Data: Array
(
)

Route attributes: Array
(
)

----------------------------------------
2026-03-30 06:01:44 - POST Route: update_last_active
POST Data: Array
(
)

Route attributes: Array
(
)

----------------------------------------
2026-03-30 06:01:44 - POST Route: update_last_active
POST Data: Array
(
)

Route attributes: Array
(
)

----------------------------------------
2026-03-30 06:02:03 - POST Route: update_last_active
POST Data: Array
(
)

Route attributes: Array
(
)

----------------------------------------
2026-03-30 06:02:07 - POST Route: update_last_active
POST Data: Array
(
)

Route attributes: Array
(
)

----------------------------------------
2026-03-30 06:02:08 - POST Route: update_last_active
POST Data: Array
(
)

Route attributes: Array
(
)

----------------------------------------
2026-03-30 06:02:08 - POST Route: update_last_active
POST Data: Array
(
)

Route attributes: Array
(
)

----------------------------------------
2026-03-30 06:02:10 - POST Route: update_last_active
POST Data: Array
(
)

Route attributes: Array
(
)

----------------------------------------
2026-03-30 06:02:11 - POST Route: update_last_active
POST Data: Array
(
)

Route attributes: Array
(
)

----------------------------------------
2026-03-30 06:02:11 - POST Route: update_last_active
POST Data: Array
(
)

Route attributes: Array
(
)

----------------------------------------
2026-03-30 06:02:30 - POST Route: update_last_active
POST Data: Array
(
)

Route attributes: Array
(
)

----------------------------------------
2026-03-30 06:02:38 - POST Route: update_last_active
POST Data: Array
(
)

Route attributes: Array
(
)

----------------------------------------
2026-03-30 06:02:41 - POST Route: update_last_active
POST Data: Array
(
)

Route attributes: Array
(
)

----------------------------------------
2026-03-30 06:02:41 - POST Route: update_last_active
POST Data: Array
(
)

Route attributes: Array
(
)

----------------------------------------
2026-03-30 06:02:41 - POST Route: update_last_active
POST Data: Array
(
)

Route attributes: Array
(
)

----------------------------------------
2026-03-30 06:02:43 - POST Route: update_last_active
POST Data: Array
(
)

Route attributes: Array
(
)

----------------------------------------
2026-03-30 06:02:44 - POST Route: update_last_active
POST Data: Array
(
)

Route attributes: Array
(
)

----------------------------------------
2026-03-30 06:02:44 - POST Route: update_last_active
POST Data: Array
(
)

Route attributes: Array
(
)

----------------------------------------
2026-03-30 06:03:03 - POST Route: update_last_active
POST Data: Array
(
)

Route attributes: Array
(
)

----------------------------------------
✅ Logout log saved
2026-03-30 06:03:23 - POST Route: update_last_active
POST Data: Array
(
)

Route attributes: Array
(
)

----------------------------------------
2026-03-30 06:03:30 - POST Route: update_last_active
POST Data: Array
(
)

Route attributes: Array
(
)

----------------------------------------
2026-03-30 06:03:32 - POST Route: update_last_active
POST Data: Array
(
)

Route attributes: Array
(
)

----------------------------------------
2026-03-30 06:03:33 - POST Route: update_last_active
POST Data: Array
(
)

Route attributes: Array
(
)

----------------------------------------
2026-03-30 06:03:33 - POST Route: update_last_active
POST Data: Array
(
)

Route attributes: Array
(
)

----------------------------------------
✅ Login log saved
2026-03-30 06:03:48 - POST Route: update_last_active
POST Data: Array
(
)

Route attributes: Array
(
)

----------------------------------------
2026-03-30 06:03:48 - POST Route: update_last_active
POST Data: Array
(
)

Route attributes: Array
(
)

----------------------------------------
2026-03-30 06:03:48 - POST Route: update_last_active
POST Data: Array
(
)

Route attributes: Array
(
)

----------------------------------------
2026-03-30 06:03:50 - POST Route: update_last_active
POST Data: Array
(
)

Route attributes: Array
(
)

----------------------------------------
2026-03-30 06:03:50 - POST Route: update_last_active
POST Data: Array
(
)

Route attributes: Array
(
)

----------------------------------------
2026-03-30 06:03:50 - POST Route: update_last_active
POST Data: Array
(
)

Route attributes: Array
(
)

----------------------------------------
2026-03-30 06:03:52 - POST Route: update_last_active
POST Data: Array
(
)

Route attributes: Array
(
)

----------------------------------------
2026-03-30 06:04:03 - POST Route: update_last_active
POST Data: Array
(
)

Route attributes: Array
(
)

----------------------------------------
2026-03-30 06:04:03 - POST Route: update_last_active
POST Data: Array
(
)

Route attributes: Array
(
)

----------------------------------------
2026-03-30 06:04:03 - POST Route: update_last_active
POST Data: Array
(
)

Route attributes: Array
(
)

----------------------------------------
2026-03-30 06:04:09 - POST Route: update_last_active
POST Data: Array
(
)

Route attributes: Array
(
)

----------------------------------------
2026-03-30 06:04:22 - POST Route: update_last_active
POST Data: Array
(
)

Route attributes: Array
(
)

----------------------------------------
2026-03-30 06:04:29 - POST Route: update_last_active
POST Data: Array
(
)

Route attributes: Array
(
)

----------------------------------------
2026-03-30 06:04:42 - POST Route: update_last_active
POST Data: Array
(
)

Route attributes: Array
(
)

----------------------------------------
2026-03-30 06:04:49 - POST Route: update_last_active
POST Data: Array
(
)

Route attributes: Array
(
)

----------------------------------------
2026-03-30 06:05:02 - POST Route: update_last_active
POST Data: Array
(
)

Route attributes: Array
(
)

----------------------------------------
2026-03-30 06:05:09 - POST Route: update_last_active
POST Data: Array
(
)

Route attributes: Array
(
)

----------------------------------------
2026-03-30 06:05:22 - POST Route: update_last_active
POST Data: Array
(
)

Route attributes: Array
(
)

----------------------------------------
2026-03-30 06:05:29 - POST Route: update_last_active
POST Data: Array
(
)

Route attributes: Array
(
)

----------------------------------------
2026-03-30 06:05:42 - POST Route: update_last_active
POST Data: Array
(
)

Route attributes: Array
(
)

----------------------------------------
2026-03-30 06:05:49 - POST Route: update_last_active
POST Data: Array
(
)

Route attributes: Array
(
)

----------------------------------------
2026-03-30 06:06:02 - POST Route: update_last_active
POST Data: Array
(
)

Route attributes: Array
(
)

----------------------------------------
2026-03-30 06:06:09 - POST Route: update_last_active
POST Data: Array
(
)

Route attributes: Array
(
)

----------------------------------------
2026-03-30 06:06:22 - POST Route: update_last_active
POST Data: Array
(
)

Route attributes: Array
(
)

----------------------------------------
2026-03-30 06:07:10 - POST Route: update_last_active
POST Data: Array
(
)

Route attributes: Array
(
)

----------------------------------------
2026-03-30 06:08:11 - POST Route: update_last_active
POST Data: Array
(
)

Route attributes: Array
(
)

----------------------------------------
2026-03-30 06:09:12 - POST Route: update_last_active
POST Data: Array
(
)

Route attributes: Array
(
)

----------------------------------------
2026-03-30 06:10:17 - POST Route: update_last_active
POST Data: Array
(
)

Route attributes: Array
(
)

----------------------------------------
2026-03-30 06:11:18 - POST Route: update_last_active
POST Data: Array
(
)

Route attributes: Array
(
)

----------------------------------------
2026-03-30 06:17:07 - POST Route: update_last_active
POST Data: Array
(
)

Route attributes: Array
(
)

----------------------------------------
2026-03-30 06:17:36 - POST Route: update_last_active
POST Data: Array
(
)

Route attributes: Array
(
)

----------------------------------------
2026-03-30 06:17:43 - POST Route: update_last_active
POST Data: Array
(
)

Route attributes: Array
(
)

----------------------------------------
2026-03-30 06:17:43 - POST Route: update_last_active
POST Data: Array
(
)

Route attributes: Array
(
)

----------------------------------------
2026-03-30 06:17:57 - POST Route: update_last_active
POST Data: Array
(
)

Route attributes: Array
(
)

----------------------------------------
2026-03-30 06:18:01 - POST Route: update_last_active
POST Data: Array
(
)

Route attributes: Array
(
)

----------------------------------------
2026-03-30 06:18:02 - POST Route: update_last_active
POST Data: Array
(
)

Route attributes: Array
(
)

----------------------------------------
✅ Logout log saved
✅ Login log saved
2026-03-30 06:18:17 - POST Route: update_last_active
POST Data: Array
(
)

Route attributes: Array
(
)

----------------------------------------
2026-03-30 06:18:27 - POST Route: update_last_active
POST Data: Array
(
)

Route attributes: Array
(
)

----------------------------------------
✅ Logout log saved
✅ Login log saved
2026-03-30 06:18:59 - POST Route: update_last_active
POST Data: Array
(
)

Route attributes: Array
(
)

----------------------------------------
2026-03-30 06:19:13 - POST Route: update_last_active
POST Data: Array
(
)

Route attributes: Array
(
)

----------------------------------------
2026-03-30 06:19:40 - POST Route: app_user_edit
POST Data: Array
(
    [user] => Array
        (
            [username] => Anthony
            [roles] => ROLE_USER
            [password] => dodot@123
            [_token] => BcrLUVfPKl1+ZOSzjciaZk3Z
        )

)

Route attributes: Array
(
    [id] => 25
)

----------------------------------------
Determining action for route: app_user_edit, isAdmin: YES
Determining target for route: app_user_edit, id: 25
Creating log - Action: ADMIN_UPDATES_USER Target: Admin updated user: Anthony → Role changed from User to User (Password changed)
✅ Log saved successfully: ADMIN_UPDATES_USER
2026-03-30 06:19:47 - POST Route: update_last_active
POST Data: Array
(
)

Route attributes: Array
(
)

----------------------------------------
2026-03-30 06:21:52 - POST Route: app_stock_edit
POST Data: Array
(
    [stock] => Array
        (
            [product] => 20
            [stock] => 80
            [_token] => E4DVpkrW80K3pn2YLOxJAZzX
        )

)

Route attributes: Array
(
    [id] => 44
)

----------------------------------------
Determining action for route: app_stock_edit, isAdmin: NO
Determining target for route: app_stock_edit, id: 44
Creating log - Action: STAFF_EDITS_RECORD Target: Staff edited stock: Pliers → 80 units
✅ Log saved successfully: STAFF_EDITS_RECORD
✅ Logout log saved
2026-03-30 06:23:28 - POST Route: update_last_active
POST Data: Array
(
)

Route attributes: Array
(
)

----------------------------------------
2026-03-30 06:23:47 - POST Route: update_last_active
POST Data: Array
(
)

Route attributes: Array
(
)

----------------------------------------
2026-03-30 06:27:46 - POST Route: app_stock_new
POST Data: Array
(
    [stock] => Array
        (
            [product] => 
            [stock] => 
            [_token] => QcFLXKo7rUIMmb8aMdcRwSUl
        )

)

Route attributes: Array
(
)

----------------------------------------
Determining action for route: app_stock_new, isAdmin: YES
Determining target for route: app_stock_new, id: null
Creating log - Action: ADMIN_CREATES_RECORD Target: Admin created stock (Quantity: )
✅ Log saved successfully: ADMIN_CREATES_RECORD
2026-03-30 06:27:52 - POST Route: app_stock_new
POST Data: Array
(
    [stock] => Array
        (
            [product] => 
            [stock] => 
            [_token] => 1TxYFIZHdf6IPZGswNkDB4Z2
        )

)

Route attributes: Array
(
)

----------------------------------------
Determining action for route: app_stock_new, isAdmin: YES
Determining target for route: app_stock_new, id: null
Creating log - Action: ADMIN_CREATES_RECORD Target: Admin created stock (Quantity: )
✅ Log saved successfully: ADMIN_CREATES_RECORD
2026-03-30 06:28:49 - POST Route: app_stock_new
POST Data: Array
(
    [stock] => Array
        (
            [product] => 24
            [stock] => 5
            [_token] => DQIvm10rV13+ly1+09hYJkHG
        )

)

Route attributes: Array
(
)

----------------------------------------
Determining action for route: app_stock_new, isAdmin: YES
Determining target for route: app_stock_new, id: null
Creating log - Action: ADMIN_CREATES_RECORD Target: Admin created stock: Towel x 5 units
✅ Log saved successfully: ADMIN_CREATES_RECORD
2026-03-30 06:32:22 - POST Route: app_product_edit
POST Data: Array
(
    [product] => Array
        (
            [name] => Christmas Ball
            [description] => Good decoration for christmas
            [price] => 700.00
            [category] => 8
            [image] => https://images.unsplash.com/photo-1608376283895-6e6e63f6b46d?w=600&auto=format&fit=crop&q=60&ixlib=rb-4.1.0&ixid=M3wxMjA3fDB8MHxzZWFyY2h8NHx8Q2hyaXNtYXMlMjBiYWxsfGVufDB8fDB8fHww
            [_token] => BnDZ2QzofeVb10MyhpNGLghH
        )

)

Route attributes: Array
(
    [id] => 59
)

----------------------------------------
Determining action for route: app_product_edit, isAdmin: YES
Determining target for route: app_product_edit, id: 59
Creating log - Action: ADMIN_UPDATES_RECORD Target: Admin edited product: Christmas Ball (Price: $700.00)
✅ Log saved successfully: ADMIN_UPDATES_RECORD
2026-03-30 06:39:05 - POST Route: update_last_active
POST Data: Array
(
)

Route attributes: Array
(
)

----------------------------------------
2026-03-30 06:39:38 - POST Route: app_stock_edit
POST Data: Array
(
    [stock] => Array
        (
            [product] => 24
            [stock] => 50
            [_token] => DgfVWJBteBj+LQCDl7NHHsvg
        )

)

Route attributes: Array
(
    [id] => 45
)

----------------------------------------
Determining action for route: app_stock_edit, isAdmin: YES
Determining target for route: app_stock_edit, id: 45
Creating log - Action: ADMIN_UPDATES_RECORD Target: Admin edited stock: Towel → 50 units
✅ Log saved successfully: ADMIN_UPDATES_RECORD
2026-03-30 06:48:03 - POST Route: update_last_active
POST Data: Array
(
)

Route attributes: Array
(
)

----------------------------------------
2026-03-30 06:48:32 - POST Route: update_last_active
POST Data: Array
(
)

Route attributes: Array
(
)

----------------------------------------
2026-03-30 06:49:02 - POST Route: update_last_active
POST Data: Array
(
)

Route attributes: Array
(
)

----------------------------------------
2026-03-30 06:49:32 - POST Route: update_last_active
POST Data: Array
(
)

Route attributes: Array
(
)

----------------------------------------
2026-03-30 06:50:03 - POST Route: update_last_active
POST Data: Array
(
)

Route attributes: Array
(
)

----------------------------------------
✅ Login log saved
2026-03-30 07:01:22 - POST Route: update_last_active
POST Data: Array
(
)

Route attributes: Array
(
)

----------------------------------------
2026-03-30 07:01:52 - POST Route: update_last_active
POST Data: Array
(
)

Route attributes: Array
(
)

----------------------------------------
2026-03-30 07:06:16 - POST Route: update_last_active
POST Data: Array
(
)

Route attributes: Array
(
)

----------------------------------------
2026-03-30 07:06:45 - POST Route: update_last_active
POST Data: Array
(
)

Route attributes: Array
(
)

----------------------------------------
2026-03-30 07:07:15 - POST Route: update_last_active
POST Data: Array
(
)

Route attributes: Array
(
)

----------------------------------------
2026-03-30 07:07:45 - POST Route: update_last_active
POST Data: Array
(
)

Route attributes: Array
(
)

----------------------------------------
2026-03-30 07:08:15 - POST Route: update_last_active
POST Data: Array
(
)

Route attributes: Array
(
)

----------------------------------------
2026-03-30 07:08:45 - POST Route: update_last_active
POST Data: Array
(
)

Route attributes: Array
(
)

----------------------------------------
2026-03-30 07:11:18 - POST Route: update_last_active
POST Data: Array
(
)

Route attributes: Array
(
)

----------------------------------------
2026-03-30 07:11:47 - POST Route: update_last_active
POST Data: Array
(
)

Route attributes: Array
(
)

----------------------------------------
2026-03-30 07:12:17 - POST Route: update_last_active
POST Data: Array
(
)

Route attributes: Array
(
)

----------------------------------------
2026-03-30 07:12:29 - POST Route: update_last_active
POST Data: Array
(
)

Route attributes: Array
(
)

----------------------------------------
2026-03-30 07:13:03 - POST Route: update_last_active
POST Data: Array
(
)

Route attributes: Array
(
)

----------------------------------------
2026-03-30 07:16:31 - POST Route: update_last_active
POST Data: Array
(
)

Route attributes: Array
(
)

----------------------------------------
✅ Logout log saved
✅ Logout log saved
✅ Login log saved
✅ Logout log saved
✅ Login log saved
✅ Logout log saved
✅ Login log saved
2026-03-30 07:36:18 - POST Route: app_product_edit
POST Data: Array
(
    [product] => Array
        (
            [name] => Christmas Ball
            [description] => Good decoration for christmas
            [price] => 500.00
            [category] => 8
            [image] => https://images.unsplash.com/photo-1608376283895-6e6e63f6b46d?w=600&auto=format&fit=crop&q=60&ixlib=rb-4.1.0&ixid=M3wxMjA3fDB8MHxzZWFyY2h8NHx8Q2hyaXNtYXMlMjBiYWxsfGVufDB8fDB8fHww
            [_token] => yX3mbOh3Dmh3fXTV1LsZZAze
        )

)

Route attributes: Array
(
    [id] => 59
)

----------------------------------------
Determining action for route: app_product_edit, isAdmin: YES
Determining target for route: app_product_edit, id: 59
Creating log - Action: ADMIN_UPDATES_RECORD Target: Admin edited product: Christmas Ball (Price: $500.00)
✅ Log saved successfully: ADMIN_UPDATES_RECORD
✅ Logout log saved
✅ Login log saved
✅ Logout log saved
✅ Login log saved
✅ Logout log saved
✅ Login log saved
✅ Logout log saved
✅ Login log saved
✅ Logout log saved
✅ Login log saved
✅ Logout log saved
✅ Login log saved
✅ Logout log saved
✅ Login log saved
2026-03-30 07:46:55 - POST Route: app_profile_edit
POST Data: Array
(
    [profile] => Array
        (
            [plainPassword] => Array
                (
                    [first] => 
                    [second] => 
                )

            [_token] => ojuWXqtao8Sd6YQp17857XnZ
        )

)

Route attributes: Array
(
)

----------------------------------------
Determining action for route: app_profile_edit, isAdmin: YES
Determining target for route: app_profile_edit, id: null
Creating log - Action: USER_UPDATES_PROFILE Target: User updated their profile: admin
✅ Log saved successfully: USER_UPDATES_PROFILE
2026-03-30 07:55:46 - POST Route: app_dashboardupload_profile_picture
POST Data: Array
(
)

Route attributes: Array
(
)

----------------------------------------
2026-03-30 07:56:27 - POST Route: app_profile_edit
POST Data: Array
(
    [profile] => Array
        (
            [plainPassword] => Array
                (
                    [first] => 
                    [second] => 
                )

            [_token] => KiTR03cgTQo+c+UqLUBz1W4Z
        )

)

Route attributes: Array
(
)

----------------------------------------
Determining action for route: app_profile_edit, isAdmin: YES
Determining target for route: app_profile_edit, id: null
Creating log - Action: USER_UPDATES_PROFILE Target: User updated their profile: admin
✅ Log saved successfully: USER_UPDATES_PROFILE
2026-03-30 07:56:43 - POST Route: app_profile_edit
POST Data: Array
(
    [profile] => Array
        (
            [plainPassword] => Array
                (
                    [first] => 
                    [second] => 
                )

            [_token] => ixXZVtAhpd2125hayVhf5oaf
        )

)

Route attributes: Array
(
)

----------------------------------------
Determining action for route: app_profile_edit, isAdmin: YES
Determining target for route: app_profile_edit, id: null
Creating log - Action: USER_UPDATES_PROFILE Target: User updated their profile: admin
✅ Log saved successfully: USER_UPDATES_PROFILE
2026-03-30 07:57:41 - POST Route: app_dashboardupload_profile_picture
POST Data: Array
(
)

Route attributes: Array
(
)

----------------------------------------
2026-03-30 08:02:09 - POST Route: app_profile_edit
POST Data: Array
(
    [profile] => Array
        (
            [plainPassword] => Array
                (
                    [first] => 
                    [second] => 
                )

            [_token] => 8U7/uvIYKsE4rOn8TH+yUnhd
        )

)

Route attributes: Array
(
)

----------------------------------------
Determining action for route: app_profile_edit, isAdmin: YES
Determining target for route: app_profile_edit, id: null
Creating log - Action: USER_UPDATES_PROFILE Target: User updated their profile: admin
✅ Log saved successfully: USER_UPDATES_PROFILE
2026-03-30 08:03:01 - POST Route: app_profile_edit
POST Data: Array
(
    [profile] => Array
        (
            [plainPassword] => Array
                (
                    [first] => dadwwdaw
                    [second] => 2222
                )

            [_token] => 4EYiTILEv7rgz60bDT6+Vorx
        )

)

Route attributes: Array
(
)

----------------------------------------
Determining action for route: app_profile_edit, isAdmin: YES
Determining target for route: app_profile_edit, id: null
Creating log - Action: USER_UPDATES_PROFILE Target: User updated their profile: admin (Password changed)
✅ Log saved successfully: USER_UPDATES_PROFILE
2026-03-30 08:03:05 - POST Route: app_profile_edit
POST Data: Array
(
    [profile] => Array
        (
            [plainPassword] => Array
                (
                    [first] => 
                    [second] => 
                )

            [_token] => M5YWigT3DMt6hmURKCvNIMtc
        )

)

Route attributes: Array
(
)

----------------------------------------
Determining action for route: app_profile_edit, isAdmin: YES
Determining target for route: app_profile_edit, id: null
Creating log - Action: USER_UPDATES_PROFILE Target: User updated their profile: admin
✅ Log saved successfully: USER_UPDATES_PROFILE
2026-03-30 08:03:24 - POST Route: app_profile_edit
POST Data: Array
(
    [profile] => Array
        (
            [plainPassword] => Array
                (
                    [first] => admin123
                    [second] => admin123
                )

            [_token] => xL6wJ+G8VUJWLY6Wg/fff2N/
        )

)

Route attributes: Array
(
)

----------------------------------------
Determining action for route: app_profile_edit, isAdmin: YES
Determining target for route: app_profile_edit, id: null
Creating log - Action: USER_UPDATES_PROFILE Target: User updated their profile: admin (Password changed)
✅ Log saved successfully: USER_UPDATES_PROFILE
✅ Login log saved
2026-03-30 08:06:27 - POST Route: app_profile_edit
POST Data: Array
(
    [profile] => Array
        (
            [plainPassword] => Array
                (
                    [first] => 
                    [second] => 
                )

            [_token] => 4IvlaIXYOiipj5D+GltmBSVY
        )

)

Route attributes: Array
(
)

----------------------------------------
Determining action for route: app_profile_edit, isAdmin: YES
Determining target for route: app_profile_edit, id: null
Creating log - Action: USER_UPDATES_PROFILE Target: User updated their profile: admin
✅ Log saved successfully: USER_UPDATES_PROFILE
2026-03-30 08:08:18 - POST Route: app_profile_edit
POST Data: Array
(
    [profile] => Array
        (
            [plainPassword] => Array
                (
                    [first] => 
                    [second] => 
                )

            [_token] => 7Y1hGEWjr70x/5xc2HDY5OJQ
        )

)

Route attributes: Array
(
)

----------------------------------------
Determining action for route: app_profile_edit, isAdmin: YES
Determining target for route: app_profile_edit, id: null
Creating log - Action: USER_UPDATES_PROFILE Target: User updated their profile: admin
✅ Log saved successfully: USER_UPDATES_PROFILE
2026-03-30 08:08:56 - POST Route: app_profile_edit
POST Data: Array
(
    [profile] => Array
        (
            [plainPassword] => Array
                (
                    [first] => 
                    [second] => 
                )

            [_token] => bcqlhT/CUgwhf6zjaS3E9we+
        )

)

Route attributes: Array
(
)

----------------------------------------
Determining action for route: app_profile_edit, isAdmin: YES
Determining target for route: app_profile_edit, id: null
Creating log - Action: USER_UPDATES_PROFILE Target: User updated their profile: admin
✅ Log saved successfully: USER_UPDATES_PROFILE
2026-03-30 08:23:46 - POST Route: app_profile_edit
POST Data: Array
(
    [profile] => Array
        (
            [plainPassword] => Array
                (
                    [first] => 
                    [second] => 
                )

            [_token] => Qn6/55i1coOqrbyycNOku8qf
        )

)

Route attributes: Array
(
)

----------------------------------------
Determining action for route: app_profile_edit, isAdmin: YES
Determining target for route: app_profile_edit, id: null
Creating log - Action: USER_UPDATES_PROFILE Target: User updated their profile: admin
✅ Log saved successfully: USER_UPDATES_PROFILE
2026-03-30 08:32:47 - POST Route: app_dashboardupload_profile_picture
POST Data: Array
(
)

Route attributes: Array
(
)

----------------------------------------
2026-03-30 08:39:29 - POST Route: app_profile_edit
POST Data: Array
(
    [profile] => Array
        (
            [plainPassword] => Array
                (
                    [first] => 
                    [second] => 
                )

            [_token] => d2J+aysUB8Pf2uohcfkECe0r
        )

)

Route attributes: Array
(
)

----------------------------------------
Determining action for route: app_profile_edit, isAdmin: YES
Determining target for route: app_profile_edit, id: null
Creating log - Action: USER_UPDATES_PROFILE Target: User updated their profile: admin
✅ Log saved successfully: USER_UPDATES_PROFILE
2026-03-30 08:42:49 - POST Route: app_profile_edit
POST Data: Array
(
    [profile] => Array
        (
            [plainPassword] => Array
                (
                    [first] => admin123
                    [second] => admin
                )

            [_token] => Z/GHD7L/9GdeGNj7K+TUy4x1
        )

)

Route attributes: Array
(
)

----------------------------------------
Determining action for route: app_profile_edit, isAdmin: YES
Determining target for route: app_profile_edit, id: null
Creating log - Action: USER_UPDATES_PROFILE Target: User updated their profile: admin (Password changed)
✅ Log saved successfully: USER_UPDATES_PROFILE
2026-03-30 08:43:01 - POST Route: app_profile_edit
POST Data: Array
(
    [profile] => Array
        (
            [plainPassword] => Array
                (
                    [first] => admin123
                    [second] => admin123
                )

            [_token] => I247MsIls5FvSNhp2SHwy15P
        )

)

Route attributes: Array
(
)

----------------------------------------
Determining action for route: app_profile_edit, isAdmin: YES
Determining target for route: app_profile_edit, id: null
Creating log - Action: USER_UPDATES_PROFILE Target: User updated their profile: admin (Password changed)
✅ Log saved successfully: USER_UPDATES_PROFILE
2026-03-30 08:44:58 - POST Route: app_profile_edit
POST Data: Array
(
    [profile] => Array
        (
            [plainPassword] => Array
                (
                    [first] => admin123
                    [second] => 
                )

            [_token] => 1PeiIF2PfDvMqfcID35ipOgM
        )

)

Route attributes: Array
(
)

----------------------------------------
Determining action for route: app_profile_edit, isAdmin: YES
Determining target for route: app_profile_edit, id: null
Creating log - Action: USER_UPDATES_PROFILE Target: User updated their profile: admin (Password changed)
✅ Log saved successfully: USER_UPDATES_PROFILE
2026-03-30 08:45:07 - POST Route: app_profile_edit
POST Data: Array
(
    [profile] => Array
        (
            [plainPassword] => Array
                (
                    [first] => admin123
                    [second] => admin123
                )

            [_token] => PQxLclKgt1ti0RfaQpO0wMYk
        )

)

Route attributes: Array
(
)

----------------------------------------
Determining action for route: app_profile_edit, isAdmin: YES
Determining target for route: app_profile_edit, id: null
Creating log - Action: USER_UPDATES_PROFILE Target: User updated their profile: admin (Password changed)
✅ Log saved successfully: USER_UPDATES_PROFILE
2026-03-30 08:55:55 - POST Route: app_profile_edit
POST Data: Array
(
    [profile] => Array
        (
            [plainPassword] => Array
                (
                    [first] => dwadwadwa
                    [second] => wdwadadwa
                )

            [_token] => wYsV8W3HpfjkAylhBplCJA36
        )

)

Route attributes: Array
(
)

----------------------------------------
Determining action for route: app_profile_edit, isAdmin: YES
Determining target for route: app_profile_edit, id: null
Creating log - Action: USER_UPDATES_PROFILE Target: User updated their profile: admin (Password changed)
✅ Log saved successfully: USER_UPDATES_PROFILE
2026-03-30 08:56:24 - POST Route: app_profile_edit
POST Data: Array
(
    [profile] => Array
        (
            [plainPassword] => Array
                (
                    [first] => 
                    [second] => 
                )

            [_token] => 8KDw1wR7ApsslR35Cj+cStZm
        )

)

Route attributes: Array
(
)

----------------------------------------
Determining action for route: app_profile_edit, isAdmin: YES
Determining target for route: app_profile_edit, id: null
Creating log - Action: USER_UPDATES_PROFILE Target: User updated their profile: admin
✅ Log saved successfully: USER_UPDATES_PROFILE
2026-03-30 08:56:45 - POST Route: app_profile_edit
POST Data: Array
(
    [profile] => Array
        (
            [plainPassword] => Array
                (
                    [first] => admin123
                    [second] => admin123
                )

            [_token] => LQHguF9vExRn/cPxkVyq2qjq
        )

)

Route attributes: Array
(
)

----------------------------------------
Determining action for route: app_profile_edit, isAdmin: YES
Determining target for route: app_profile_edit, id: null
Creating log - Action: USER_UPDATES_PROFILE Target: User updated their profile: admin (Password changed)
✅ Log saved successfully: USER_UPDATES_PROFILE
2026-03-30 08:57:55 - POST Route: app_profile_edit
POST Data: Array
(
    [profile] => Array
        (
            [plainPassword] => Array
                (
                    [first] => admin123
                    [second] => admin123
                )

            [_token] => LQHguF9vExRn/cPxkVyq2qjq
        )

)

Route attributes: Array
(
)

----------------------------------------
Determining action for route: app_profile_edit, isAdmin: YES
Determining target for route: app_profile_edit, id: null
Creating log - Action: USER_UPDATES_PROFILE Target: User updated their profile: admin (Password changed)
✅ Log saved successfully: USER_UPDATES_PROFILE
2026-03-30 08:58:07 - POST Route: app_profile_edit
POST Data: Array
(
    [profile] => Array
        (
            [plainPassword] => Array
                (
                    [first] => adwdwadawdwa
                    [second] => adwadwadadwad
                )

            [_token] => G5qde6mKC6nNMjUqCJGqsSIY
        )

)

Route attributes: Array
(
)

----------------------------------------
Determining action for route: app_profile_edit, isAdmin: YES
Determining target for route: app_profile_edit, id: null
Creating log - Action: USER_UPDATES_PROFILE Target: User updated their profile: admin (Password changed)
✅ Log saved successfully: USER_UPDATES_PROFILE
2026-03-30 08:58:18 - POST Route: app_profile_edit
POST Data: Array
(
    [profile] => Array
        (
            [plainPassword] => Array
                (
                    [first] => wwww
                    [second] => wwww
                )

            [_token] => R61LEfk+4tMM8zOtG4OCiq2J
        )

)

Route attributes: Array
(
)

----------------------------------------
Determining action for route: app_profile_edit, isAdmin: YES
Determining target for route: app_profile_edit, id: null
Creating log - Action: USER_UPDATES_PROFILE Target: User updated their profile: admin (Password changed)
✅ Log saved successfully: USER_UPDATES_PROFILE
2026-03-30 08:58:29 - POST Route: app_profile_edit
POST Data: Array
(
    [profile] => Array
        (
            [plainPassword] => Array
                (
                    [first] => admin123
                    [second] => admin123
                )

            [_token] => xz/Vsgj2+FZjsPw+g5NMSRO0
        )

)

Route attributes: Array
(
)

----------------------------------------
Determining action for route: app_profile_edit, isAdmin: YES
Determining target for route: app_profile_edit, id: null
Creating log - Action: USER_UPDATES_PROFILE Target: User updated their profile: admin (Password changed)
✅ Log saved successfully: USER_UPDATES_PROFILE
2026-03-30 08:58:48 - POST Route: app_profile_edit
POST Data: Array
(
    [profile] => Array
        (
            [plainPassword] => Array
                (
                    [first] => 4444
                    [second] => 
                )

            [_token] => c8zffUnx9leLyYOH5yx9Dedu
        )

)

Route attributes: Array
(
)

----------------------------------------
Determining action for route: app_profile_edit, isAdmin: YES
Determining target for route: app_profile_edit, id: null
Creating log - Action: USER_UPDATES_PROFILE Target: User updated their profile: admin (Password changed)
✅ Log saved successfully: USER_UPDATES_PROFILE
2026-03-30 08:59:41 - POST Route: update_last_active
POST Data: Array
(
)

Route attributes: Array
(
)

----------------------------------------
2026-03-30 09:00:10 - POST Route: update_last_active
POST Data: Array
(
)

Route attributes: Array
(
)

----------------------------------------
2026-03-30 09:00:40 - POST Route: update_last_active
POST Data: Array
(
)

Route attributes: Array
(
)

----------------------------------------
2026-03-30 09:01:10 - POST Route: update_last_active
POST Data: Array
(
)

Route attributes: Array
(
)

----------------------------------------
2026-03-30 09:01:41 - POST Route: update_last_active
POST Data: Array
(
)

Route attributes: Array
(
)

----------------------------------------
2026-03-30 09:02:10 - POST Route: update_last_active
POST Data: Array
(
)

Route attributes: Array
(
)

----------------------------------------
2026-03-30 09:05:50 - POST Route: update_last_active
POST Data: Array
(
)

Route attributes: Array
(
)

----------------------------------------
2026-03-30 09:05:57 - POST Route: update_last_active
POST Data: Array
(
)

Route attributes: Array
(
)

----------------------------------------
✅ Logout log saved
✅ Login log saved
✅ Logout log saved
✅ Login log saved
✅ Logout log saved
✅ Login log saved
2026-03-30 09:22:07 - POST Route: update_last_active
POST Data: Array
(
)

Route attributes: Array
(
)

----------------------------------------
2026-03-30 09:22:36 - POST Route: update_last_active
POST Data: Array
(
)

Route attributes: Array
(
)

----------------------------------------
2026-03-30 09:22:59 - POST Route: app_dashboardupload_profile_picture
POST Data: Array
(
)

Route attributes: Array
(
)

----------------------------------------
2026-03-30 09:23:06 - POST Route: app_profile_edit
POST Data: Array
(
    [profile] => Array
        (
            [plainPassword] => Array
                (
                    [first] => admin
                    [second] => 
                )

            [_token] => dpdJFE3K+XcntRVz0iGpw52P
        )

)

Route attributes: Array
(
)

----------------------------------------
Determining action for route: app_profile_edit, isAdmin: YES
Determining target for route: app_profile_edit, id: null
Creating log - Action: USER_UPDATES_PROFILE Target: User updated their profile: admin (Password changed)
✅ Log saved successfully: USER_UPDATES_PROFILE
2026-03-30 09:23:19 - POST Route: app_profile_edit
POST Data: Array
(
    [profile] => Array
        (
            [plainPassword] => Array
                (
                    [first] => admin123
                    [second] => admin123
                )

            [_token] => SpE9gcC4vnQcTUtoA/JAVrkK
        )

)

Route attributes: Array
(
)

----------------------------------------
Determining action for route: app_profile_edit, isAdmin: YES
Determining target for route: app_profile_edit, id: null
Creating log - Action: USER_UPDATES_PROFILE Target: User updated their profile: admin (Password changed)
✅ Log saved successfully: USER_UPDATES_PROFILE
✅ Logout log saved
